id_pasien,id_ibu,hpht,bulan_mulai_hamil,usia_kehamilan,status_kehamilan,created_at,updated_at
1,739,2025-07-03,2025-07-01,2,TRIMESTER_2,2026-05-08 01:53:33,2026-05-08 01:53:33
2,1840,2025-01-13,2025-01-01,1,TRIMESTER_1,2026-05-08 01:53:33,2026-05-08 01:53:33
3,675,2024-07-12,2024-07-01,3,TRIMESTER_2,2026-05-08 01:53:33,2026-05-08 01:53:33
4,166,2025-04-24,2025-04-01,2,TRIMESTER_2,2026-05-08 01:53:33,2026-05-08 01:53:33
5,1045,2025-07-20,2025-07-01,8,TRIMESTER_3,2026-05-08 01:53:33,2026-05-08 01:53:33
6,28,2024-12-19,2024-12-01,6,TRIMESTER_1,2026-05-08 01:53:33,2026-05-08 01:53:33
7,1773,2024-08-01,2024-08-01,2,TRIMESTER_3,2026-05-08 01:53:33,2026-05-08 01:53:33
8,548,2025-10-12,2025-10-01,2,TRIMESTER_3,2026-05-08 01:53:33,2026-05-08 01:53:33
9,735,2024-01-26,2024-01-01,2,TRIMESTER_2,2026-05-08 01:53:33,2026-05-08 01:53:33
10,261,2024-04-14,2024-04-01,1,TRIMESTER_3,2026-05-08 01:53:33,2026-05-08 01:53:33
11,1009,2024-01-04,2024-01-01,5,TRIMESTER_3,2026-05-08 01:53:33,2026-05-08 01:53:33
12,563,2024-02-12,2024-02-01,6,TRIMESTER_1,2026-05-08 01:53:33,2026-05-08 01:53:33
13,877,2024-12-05,2024-12-01,4,TRIMESTER_1,2026-05-08 01:53:33,2026-05-08 01:53:33
14,969,2024-06-06,2024-06-01,7,TRIMESTER_3,2026-05-08 01:53:33,2026-05-08 01:53:33
15,298,2025-10-01,2025-10-01,7,TRIMESTER_3,2026-05-08 01:53:33,2026-05-08 01:53:33
16,1830,2025-08-08,2025-08-01,5,TRIMESTER_2,2026-05-08 01:53:33,2026-05-08 01:53:33
17,1047,2024-08-19,2024-08-01,8,TRIMESTER_3,2026-05-08 01:53:33,2026-05-08 01:53:33
18,87,2024-07-26,2024-07-01,3,TRIMESTER_3,2026-05-08 01:53:33,2026-05-08 01:53:33
19,365,2025-01-13,2025-01-01,4,TRIMESTER_3,2026-05-08 01:53:33,2026-05-08 01:53:33
20,769,2024-02-19,2024-02-01,1,TRIMESTER_2,2026-05-08 01:53:33,2026-05-08 01:53:33
21,407,2025-02-26,2025-02-01,7,TRIMESTER_1,2026-05-08 01:53:33,2026-05-08 01:53:33
22,166,2025-03-25,2025-03-01,3,TRIMESTER_2,2026-05-08 01:53:33,2026-05-08 01:53:33
23,417,2024-05-06,2024-05-01,8,TRIMESTER_1,2026-05-08 01:53:33,2026-05-08 01:53:33
24,1732,2025-09-16,2025-09-01,5,TRIMESTER_3,2026-05-08 01:53:33,2026-05-08 01:53:33
25,281,2024-03-29,2024-03-01,6,TRIMESTER_3,2026-05-08 01:53:33,2026-05-08 01:53:33
26,1163,2024-03-12,2024-03-01,4,TRIMESTER_2,2026-05-08 01:53:33,2026-05-08 01:53:33
27,1185,2025-02-02,2025-02-01,5,TRIMESTER_1,2026-05-08 01:53:33,2026-05-08 01:53:33
28,610,2025-03-17,2025-03-01,4,TRIMESTER_2,2026-05-08 01:53:33,2026-05-08 01:53:33
29,1389,2024-12-24,2024-12-01,4,TRIMESTER_1,2026-05-08 01:53:33,2026-05-08 01:53:33
30,628,2025-11-04,2025-11-01,6,TRIMESTER_3,2026-05-08 01:53:33,2026-05-08 01:53:33
31,1997,2025-09-02,2025-09-01,5,TRIMESTER_2,2026-05-08 01:53:33,2026-05-08 01:53:33
32,1131,2025-03-06,2025-03-01,2,TRIMESTER_2,2026-05-08 01:53:33,2026-05-08 01:53:33
33,1545,2024-02-02,2024-02-01,9,TRIMESTER_3,2026-05-08 01:53:33,2026-05-08 01:53:33
34,223,2024-11-23,2024-11-01,5,TRIMESTER_2,2026-05-08 01:53:33,2026-05-08 01:53:33
35,477,2025-12-19,2025-12-01,2,TRIMESTER_3,2026-05-08 01:53:33,2026-05-08 01:53:33
36,1265,2025-04-03,2025-04-01,9,TRIMESTER_3,2026-05-08 01:53:33,2026-05-08 01:53:33
37,1797,2025-05-05,2025-05-01,7,TRIMESTER_1,2026-05-08 01:53:33,2026-05-08 01:53:33
38,1999,2024-09-02,2024-09-01,1,TRIMESTER_1,2026-05-08 01:53:33,2026-05-08 01:53:33
39,17,2024-07-22,2024-07-01,5,TRIMESTER_1,2026-05-08 01:53:33,2026-05-08 01:53:33
40,493,2024-08-03,2024-08-01,4,TRIMESTER_3,2026-05-08 01:53:33,2026-05-08 01:53:33
41,1076,2025-06-14,2025-06-01,4,TRIMESTER_1,2026-05-08 01:53:33,2026-05-08 01:53:33
42,1168,2025-11-08,2025-11-01,7,TRIMESTER_1,2026-05-08 01:53:33,2026-05-08 01:53:33
43,665,2024-05-28,2024-05-01,1,TRIMESTER_3,2026-05-08 01:53:33,2026-05-08 01:53:33
44,1350,2025-12-31,2025-12-01,3,TRIMESTER_2,2026-05-08 01:53:33,2026-05-08 01:53:33
45,530,2024-01-17,2024-01-01,1,TRIMESTER_1,2026-05-08 01:53:33,2026-05-08 01:53:33
46,503,2024-11-13,2024-11-01,9,TRIMESTER_2,2026-05-08 01:53:33,2026-05-08 01:53:33
47,879,2025-01-23,2025-01-01,9,TRIMESTER_2,2026-05-08 01:53:33,2026-05-08 01:53:33
48,83,2025-04-23,2025-04-01,8,TRIMESTER_3,2026-05-08 01:53:33,2026-05-08 01:53:33
49,797,2024-06-05,2024-06-01,1,TRIMESTER_3,2026-05-08 01:53:33,2026-05-08 01:53:33
50,951,2024-06-13,2024-06-01,6,TRIMESTER_2,2026-05-08 01:53:33,2026-05-08 01:53:33
51,1242,2025-06-02,2025-06-01,7,TRIMESTER_2,2026-05-08 01:53:33,2026-05-08 01:53:33
52,847,2024-07-26,2024-07-01,9,TRIMESTER_1,2026-05-08 01:53:33,2026-05-08 01:53:33
53,421,2024-12-31,2024-12-01,8,TRIMESTER_1,2026-05-08 01:53:33,2026-05-08 01:53:33
54,119,2025-06-26,2025-06-01,9,TRIMESTER_3,2026-05-08 01:53:33,2026-05-08 01:53:33
55,413,2024-05-30,2024-05-01,4,TRIMESTER_1,2026-05-08 01:53:33,2026-05-08 01:53:33
56,943,2025-07-31,2025-07-01,1,TRIMESTER_1,2026-05-08 01:53:33,2026-05-08 01:53:33
57,1633,2025-09-15,2025-09-01,9,TRIMESTER_1,2026-05-08 01:53:33,2026-05-08 01:53:33
58,951,2024-10-28,2024-10-01,8,TRIMESTER_1,2026-05-08 01:53:33,2026-05-08 01:53:33
59,1408,2025-10-08,2025-10-01,8,TRIMESTER_2,2026-05-08 01:53:33,2026-05-08 01:53:33
60,1073,2024-04-11,2024-04-01,7,TRIMESTER_1,2026-05-08 01:53:33,2026-05-08 01:53:33
61,7,2024-04-16,2024-04-01,9,TRIMESTER_3,2026-05-08 01:53:33,2026-05-08 01:53:33
62,1795,2025-10-02,2025-10-01,7,TRIMESTER_1,2026-05-08 01:53:33,2026-05-08 01:53:33
63,943,2025-02-17,2025-02-01,9,TRIMESTER_3,2026-05-08 01:53:33,2026-05-08 01:53:33
64,1036,2024-06-27,2024-06-01,2,TRIMESTER_2,2026-05-08 01:53:33,2026-05-08 01:53:33
65,1941,2025-07-11,2025-07-01,7,TRIMESTER_1,2026-05-08 01:53:33,2026-05-08 01:53:33
66,775,2024-01-15,2024-01-01,7,TRIMESTER_3,2026-05-08 01:53:33,2026-05-08 01:53:33
67,1860,2025-11-28,2025-11-01,9,TRIMESTER_1,2026-05-08 01:53:33,2026-05-08 01:53:33
68,997,2024-06-12,2024-06-01,1,TRIMESTER_2,2026-05-08 01:53:33,2026-05-08 01:53:33
69,757,2024-06-16,2024-06-01,3,TRIMESTER_3,2026-05-08 01:53:33,2026-05-08 01:53:33
70,546,2025-11-19,2025-11-01,7,TRIMESTER_2,2026-05-08 01:53:33,2026-05-08 01:53:33
71,1903,2025-05-30,2025-05-01,1,TRIMESTER_2,2026-05-08 01:53:33,2026-05-08 01:53:33
72,1590,2025-07-13,2025-07-01,2,TRIMESTER_3,2026-05-08 01:53:33,2026-05-08 01:53:33
73,1223,2025-04-05,2025-04-01,3,TRIMESTER_1,2026-05-08 01:53:33,2026-05-08 01:53:33
74,585,2025-10-08,2025-10-01,2,TRIMESTER_3,2026-05-08 01:53:33,2026-05-08 01:53:33
75,1249,2025-09-17,2025-09-01,8,TRIMESTER_3,2026-05-08 01:53:33,2026-05-08 01:53:33
76,18,2025-03-29,2025-03-01,4,TRIMESTER_1,2026-05-08 01:53:33,2026-05-08 01:53:33
77,1142,2024-02-12,2024-02-01,1,TRIMESTER_3,2026-05-08 01:53:33,2026-05-08 01:53:33
78,542,2024-08-05,2024-08-01,9,TRIMESTER_3,2026-05-08 01:53:33,2026-05-08 01:53:33
79,1266,2024-01-05,2024-01-01,9,TRIMESTER_2,2026-05-08 01:53:33,2026-05-08 01:53:33
80,528,2024-09-21,2024-09-01,9,TRIMESTER_2,2026-05-08 01:53:33,2026-05-08 01:53:33
81,1175,2025-07-18,2025-07-01,1,TRIMESTER_2,2026-05-08 01:53:33,2026-05-08 01:53:33
82,506,2025-06-30,2025-06-01,4,TRIMESTER_2,2026-05-08 01:53:33,2026-05-08 01:53:33
83,1844,2025-03-02,2025-03-01,6,TRIMESTER_3,2026-05-08 01:53:33,2026-05-08 01:53:33
84,1880,2025-01-21,2025-01-01,8,TRIMESTER_3,2026-05-08 01:53:33,2026-05-08 01:53:33
85,278,2025-10-11,2025-10-01,7,TRIMESTER_1,2026-05-08 01:53:33,2026-05-08 01:53:33
86,205,2024-07-06,2024-07-01,4,TRIMESTER_1,2026-05-08 01:53:33,2026-05-08 01:53:33
87,1033,2025-11-17,2025-11-01,1,TRIMESTER_2,2026-05-08 01:53:33,2026-05-08 01:53:33
88,866,2025-12-21,2025-12-01,7,TRIMESTER_2,2026-05-08 01:53:33,2026-05-08 01:53:33
89,656,2024-02-27,2024-02-01,8,TRIMESTER_3,2026-05-08 01:53:33,2026-05-08 01:53:33
90,622,2025-12-01,2025-12-01,4,TRIMESTER_3,2026-05-08 01:53:33,2026-05-08 01:53:33
91,1088,2024-01-25,2024-01-01,8,TRIMESTER_3,2026-05-08 01:53:33,2026-05-08 01:53:33
92,18,2025-07-23,2025-07-01,4,TRIMESTER_2,2026-05-08 01:53:33,2026-05-08 01:53:33
93,355,2025-06-20,2025-06-01,6,TRIMESTER_3,2026-05-08 01:53:33,2026-05-08 01:53:33
94,899,2024-09-03,2024-09-01,2,TRIMESTER_1,2026-05-08 01:53:33,2026-05-08 01:53:33
95,1506,2025-03-04,2025-03-01,9,TRIMESTER_3,2026-05-08 01:53:33,2026-05-08 01:53:33
96,48,2025-05-23,2025-05-01,5,TRIMESTER_1,2026-05-08 01:53:33,2026-05-08 01:53:33
97,1611,2024-12-07,2024-12-01,6,TRIMESTER_2,2026-05-08 01:53:33,2026-05-08 01:53:33
98,1947,2025-07-07,2025-07-01,2,TRIMESTER_1,2026-05-08 01:53:33,2026-05-08 01:53:33
99,1504,2025-10-08,2025-10-01,8,TRIMESTER_1,2026-05-08 01:53:33,2026-05-08 01:53:33
100,582,2024-03-20,2024-03-01,3,TRIMESTER_1,2026-05-08 01:53:33,2026-05-08 01:53:33
