id_user,no_sk,id_posyandu,created_at,updated_at
7514,SK-C6AEFE880EEC,489,2025-10-31 19:32:56,2025-10-31 19:32:56
170207,SK-A295F3ECF9D3,48,2024-08-15 23:59:07,2024-08-15 23:59:07
72772,SK-12DBA4AF9A52,88,2025-08-10 10:43:50,2025-08-10 10:43:50
89220,SK-A38366799E9B,164,2025-03-04 21:22:47,2025-03-04 21:22:47
11396,SK-37C6371C60A4,333,2026-02-17 01:33:42,2026-02-17 01:33:42
131163,SK-1AD534091646,187,2025-05-16 10:49:34,2025-05-16 10:49:34
98703,SK-68FA400E449B,240,2025-11-14 06:27:13,2025-11-14 06:27:13
140669,SK-D0F4C2469FCA,161,2026-04-11 15:48:57,2026-04-11 15:48:57
172091,SK-85DF22B25683,265,2025-05-20 15:17:14,2025-05-20 15:17:14
90172,SK-82D3FF8692F0,268,2025-01-27 04:42:11,2025-01-27 04:42:11
111666,SK-96F7DD1011E5,95,2026-05-23 17:32:31,2026-05-23 17:32:31
144094,SK-CE79BD636C6D,25,2024-12-03 00:51:08,2024-12-03 00:51:08
136713,SK-7A3EDDE27437,451,2026-02-13 09:56:21,2026-02-13 09:56:21
60102,SK-64B486932D81,240,2025-10-09 04:29:46,2025-10-09 04:29:46
184232,SK-11A135DCB04D,356,2024-07-26 12:12:55,2024-07-26 12:12:55
188515,SK-FE2C9EFA1D43,150,2024-06-21 07:03:09,2024-06-21 07:03:09
76209,SK-B9C4C62CD06E,279,2025-09-21 03:55:45,2025-09-21 03:55:45
109278,SK-C397A09AA46B,9,2025-12-11 12:35:24,2025-12-11 12:35:24
5497,SK-B6E0DFD251B9,120,2026-05-04 03:22:49,2026-05-04 03:22:49
24047,SK-B041CA2ADDC9,46,2026-02-22 03:15:53,2026-02-22 03:15:53
71195,SK-156842CF6CC8,307,2025-10-23 22:03:36,2025-10-23 22:03:36
66095,SK-33B348DD64BF,61,2025-12-11 14:29:45,2025-12-11 14:29:45
152273,SK-A9755986C623,451,2026-01-19 07:47:12,2026-01-19 07:47:12
74745,SK-35AD24A93FEB,441,2025-08-24 10:19:40,2025-08-24 10:19:40
183892,SK-B2AA96AE3F14,123,2025-12-12 06:37:45,2025-12-12 06:37:45
77805,SK-DF2FC5706E72,386,2024-11-24 12:40:21,2024-11-24 12:40:21
148206,SK-C1EF6FCC7A29,92,2025-07-15 14:24:48,2025-07-15 14:24:48
157832,SK-EB0F3DCC65B5,246,2025-11-18 01:05:21,2025-11-18 01:05:21
127861,SK-982C00A4FFE7,129,2025-09-19 21:44:11,2025-09-19 21:44:11
46245,SK-23983C10795B,29,2025-04-16 17:09:10,2025-04-16 17:09:10
29604,SK-2AE2A6BB3F8A,482,2025-08-02 21:22:17,2025-08-02 21:22:17
100720,SK-E58D7D5F2FB0,274,2024-08-23 10:32:08,2024-08-23 10:32:08
95952,SK-EE860CD60D94,281,2025-10-12 12:43:02,2025-10-12 12:43:02
46605,SK-C41662A51E62,461,2026-05-28 01:33:21,2026-05-28 01:33:21
12765,SK-122F1099154E,164,2024-07-29 08:39:31,2024-07-29 08:39:31
25388,SK-DC15F9C2E18B,495,2026-05-24 08:58:00,2026-05-24 08:58:00
72217,SK-932AA2C1CE47,247,2024-08-30 14:05:01,2024-08-30 14:05:01
185715,SK-665873C14AD3,494,2025-01-18 06:00:51,2025-01-18 06:00:51
46356,SK-B97F0327CE82,128,2026-04-24 05:15:10,2026-04-24 05:15:10
183362,SK-1EB1B1984AC6,343,2025-03-29 14:54:43,2025-03-29 14:54:43
133010,SK-270EC15FA638,232,2026-04-07 16:02:40,2026-04-07 16:02:40
38910,SK-C66843EF507A,239,2025-06-06 19:06:00,2025-06-06 19:06:00
90477,SK-C4D3C1A24AFE,428,2024-09-26 01:41:16,2024-09-26 01:41:16
52518,SK-2E7A91E37BE7,155,2025-01-01 22:00:10,2025-01-01 22:00:10
178807,SK-37E294BD0673,312,2024-12-13 17:20:18,2024-12-13 17:20:18
56725,SK-8A7D58A15BB1,224,2025-01-05 22:32:13,2025-01-05 22:32:13
30770,SK-BC895F17C774,348,2025-09-13 05:17:34,2025-09-13 05:17:34
182311,SK-D9DE77F53287,145,2026-03-25 11:13:48,2026-03-25 11:13:48
121853,SK-1B33A9829A2A,10,2024-07-04 06:44:01,2024-07-04 06:44:01
14407,SK-3B8CFE7B812F,450,2025-07-25 15:18:28,2025-07-25 15:18:28
62623,SK-45EF15AD5198,194,2024-12-14 14:43:14,2024-12-14 14:43:14
80522,SK-B054B49B8086,24,2025-07-04 17:55:40,2025-07-04 17:55:40
171104,SK-5B17DD44561B,321,2024-09-05 15:49:24,2024-09-05 15:49:24
39866,SK-1F3801258EEC,30,2025-04-14 03:19:12,2025-04-14 03:19:12
103848,SK-C419DDEFE71D,118,2025-04-15 00:06:28,2025-04-15 00:06:28
193248,SK-FA8BAA4D1504,498,2024-09-06 20:15:21,2024-09-06 20:15:21
118983,SK-1DCE8448673C,70,2024-08-29 00:31:06,2024-08-29 00:31:06
153790,SK-40FA2469E26B,30,2025-03-13 02:14:06,2025-03-13 02:14:06
143731,SK-5AFAC79740CF,465,2025-11-19 22:17:12,2025-11-19 22:17:12
56326,SK-5A16BBEB79A2,216,2026-04-10 21:24:01,2026-04-10 21:24:01
91562,SK-2CE3BA70004D,205,2024-06-15 17:01:26,2024-06-15 17:01:26
85678,SK-B778F7DFAACE,476,2025-05-02 22:03:33,2025-05-02 22:03:33
127805,SK-883DE954B04E,268,2025-09-15 10:53:00,2025-09-15 10:53:00
143255,SK-6BAB2F8F5FF1,203,2025-03-01 17:10:46,2025-03-01 17:10:46
91210,SK-A417AE4FA345,330,2024-11-17 20:40:30,2024-11-17 20:40:30
198198,SK-6ED17B9D4447,322,2025-11-16 07:48:56,2025-11-16 07:48:56
24695,SK-137AE80A7398,308,2026-04-22 06:11:01,2026-04-22 06:11:01
139244,SK-9BF10FC6F2AF,292,2025-07-29 05:43:28,2025-07-29 05:43:28
194577,SK-9D72D89B013E,169,2025-07-29 06:46:55,2025-07-29 06:46:55
12551,SK-DE08BC6703A0,394,2025-05-09 07:29:44,2025-05-09 07:29:44
60364,SK-4EF3459F4E65,285,2025-08-10 03:04:01,2025-08-10 03:04:01
12359,SK-561C346F3923,412,2025-10-07 22:48:34,2025-10-07 22:48:34
159457,SK-7CBA2CA3B18D,265,2024-09-26 06:13:22,2024-09-26 06:13:22
105961,SK-D3E525ECC0E3,96,2026-03-16 23:29:38,2026-03-16 23:29:38
173384,SK-1E47B4F93B67,268,2025-03-05 16:12:40,2025-03-05 16:12:40
48259,SK-7D6FA86733E8,182,2026-04-30 21:00:52,2026-04-30 21:00:52
55583,SK-EF2A6FA9CD0E,7,2026-04-22 10:51:43,2026-04-22 10:51:43
86468,SK-B30A4036E0B3,470,2024-09-25 05:06:57,2024-09-25 05:06:57
91766,SK-B87C71F167E2,143,2025-05-04 22:50:09,2025-05-04 22:50:09
189069,SK-ED4227363600,380,2025-01-04 00:59:15,2025-01-04 00:59:15
85499,SK-2E7AAA17A531,145,2025-06-05 21:00:27,2025-06-05 21:00:27
62641,SK-F6FA3DEC3A5B,437,2026-01-18 12:00:42,2026-01-18 12:00:42
172324,SK-907F0FE79DCC,472,2025-03-09 17:19:30,2025-03-09 17:19:30
125250,SK-822C03B722C3,449,2024-06-15 19:48:58,2024-06-15 19:48:58
3643,SK-6972BBCE6F58,275,2024-07-04 12:57:32,2024-07-04 12:57:32
45297,SK-86D659E91E2D,120,2025-04-12 16:35:53,2025-04-12 16:35:53
35394,SK-9C86CC904EEE,478,2025-07-26 11:13:01,2025-07-26 11:13:01
109486,SK-C288C9AC0051,163,2026-02-13 21:25:49,2026-02-13 21:25:49
172278,SK-CDA7558100FA,178,2024-10-31 23:16:27,2024-10-31 23:16:27
199691,SK-BE9F148F0F9B,480,2026-04-03 15:48:16,2026-04-03 15:48:16
125327,SK-98D711FCF62C,204,2025-10-19 03:16:34,2025-10-19 03:16:34
106426,SK-DEAFB2810B15,197,2024-08-10 21:33:56,2024-08-10 21:33:56
184375,SK-576C23B25D15,98,2024-09-03 02:15:01,2024-09-03 02:15:01
193770,SK-C2269B40D5C5,99,2024-06-22 01:59:51,2024-06-22 01:59:51
133994,SK-B56CBAF8E3D6,480,2025-08-28 18:43:08,2025-08-28 18:43:08
149357,SK-9059B78155A6,451,2024-11-09 13:18:35,2024-11-09 13:18:35
182873,SK-BB2C1A5ECE06,150,2026-03-17 07:30:16,2026-03-17 07:30:16
192862,SK-CBA3283CFAAD,412,2024-11-03 18:31:27,2024-11-03 18:31:27
3029,SK-7493486E4CBA,10,2026-03-25 21:04:24,2026-03-25 21:04:24
99518,SK-4B5F0110FA95,390,2026-04-07 14:00:30,2026-04-07 14:00:30
119319,SK-8B46FF7565AD,342,2025-04-22 20:16:48,2025-04-22 20:16:48
187700,SK-4834D3EA6F41,218,2026-04-08 19:38:18,2026-04-08 19:38:18
103651,SK-BEADFC7FFFA5,183,2024-09-05 00:57:09,2024-09-05 00:57:09
126759,SK-6307572E1D71,318,2025-07-21 09:10:57,2025-07-21 09:10:57
3699,SK-3B7F5D3E0849,143,2026-05-15 10:41:41,2026-05-15 10:41:41
14816,SK-6C95014AE93E,428,2026-04-02 01:30:26,2026-04-02 01:30:26
536,SK-B5EBFC95F07A,326,2025-10-07 18:58:19,2025-10-07 18:58:19
30224,SK-EBBA73111164,43,2024-08-10 18:42:08,2024-08-10 18:42:08
198988,SK-F74BDC03A471,254,2024-10-01 12:12:25,2024-10-01 12:12:25
90431,SK-10AE1AE8AFE1,478,2026-03-31 10:17:17,2026-03-31 10:17:17
174596,SK-7E39E257ED90,359,2024-10-13 18:04:31,2024-10-13 18:04:31
126424,SK-F89163107E97,478,2024-08-17 14:45:38,2024-08-17 14:45:38
85892,SK-77BDF02E87F3,461,2025-07-27 20:16:09,2025-07-27 20:16:09
183557,SK-A7DEBFE4AA0C,216,2025-03-31 19:06:52,2025-03-31 19:06:52
194767,SK-1EA4B41616F2,207,2024-12-04 06:28:38,2024-12-04 06:28:38
56155,SK-E54965580CA4,128,2024-11-12 02:48:49,2024-11-12 02:48:49
57623,SK-347B59F08BB0,73,2025-08-11 11:14:30,2025-08-11 11:14:30
117241,SK-A7D73EC958C2,295,2024-08-13 06:55:48,2024-08-13 06:55:48
78824,SK-2E15F3B53F38,67,2026-02-02 18:10:50,2026-02-02 18:10:50
2431,SK-D555E76D35CF,186,2024-05-28 21:39:57,2024-05-28 21:39:57
65175,SK-8CC2964E106C,399,2025-06-22 03:56:23,2025-06-22 03:56:23
188077,SK-8DC41E5E4744,390,2024-12-09 13:14:47,2024-12-09 13:14:47
99750,SK-DEC52551205D,7,2024-10-05 02:03:52,2024-10-05 02:03:52
123031,SK-8F0EB273DEDB,49,2026-04-04 00:46:17,2026-04-04 00:46:17
123265,SK-86C02EC949C5,235,2025-06-19 21:19:32,2025-06-19 21:19:32
116365,SK-DBAE72250238,53,2026-05-13 01:07:42,2026-05-13 01:07:42
49029,SK-DBB6FD0DBDB5,406,2026-01-06 01:32:50,2026-01-06 01:32:50
126943,SK-A7596C634495,61,2025-02-21 12:30:01,2025-02-21 12:30:01
4057,SK-B7C46BADC724,481,2026-02-04 17:11:02,2026-02-04 17:11:02
2150,SK-0D8803F2C71E,311,2024-06-21 13:08:36,2024-06-21 13:08:36
92415,SK-562D1DD238A5,267,2026-04-21 05:44:23,2026-04-21 05:44:23
97124,SK-0FE0F5D5B148,476,2025-07-07 10:03:00,2025-07-07 10:03:00
139959,SK-67A51D2CAF7A,465,2025-01-18 07:57:36,2025-01-18 07:57:36
100621,SK-CC3C4C5C813C,176,2025-04-28 02:53:47,2025-04-28 02:53:47
139869,SK-89AFBAEAC105,165,2025-05-27 09:20:26,2025-05-27 09:20:26
9812,SK-2A5724F52955,177,2025-03-25 19:03:12,2025-03-25 19:03:12
114545,SK-B56A316EBBDC,371,2025-09-20 17:19:52,2025-09-20 17:19:52
99205,SK-74C46F7D1D01,333,2025-06-08 04:12:47,2025-06-08 04:12:47
195071,SK-696B146187AE,398,2024-08-26 14:44:31,2024-08-26 14:44:31
83989,SK-B4968FEF82D2,100,2025-12-15 14:16:28,2025-12-15 14:16:28
120408,SK-116CDB916CA8,364,2024-06-13 02:22:33,2024-06-13 02:22:33
54458,SK-F18446AED948,232,2025-02-05 16:18:24,2025-02-05 16:18:24
88596,SK-DCBD18C7D34E,461,2025-09-20 15:49:11,2025-09-20 15:49:11
92976,SK-2B38EC929001,219,2025-08-03 10:40:36,2025-08-03 10:40:36
91877,SK-E263C60CA0A3,74,2025-03-21 11:20:57,2025-03-21 11:20:57
78118,SK-341CD3A82256,306,2026-04-30 12:12:01,2026-04-30 12:12:01
103246,SK-EEA9D92C3616,391,2025-07-02 20:54:36,2025-07-02 20:54:36
190338,SK-ADABC94177B3,327,2025-08-02 08:53:55,2025-08-02 08:53:55
113124,SK-D8AE50AC8AE6,15,2024-09-04 13:58:04,2024-09-04 13:58:04
103587,SK-58A45F080E2F,6,2026-05-27 14:47:15,2026-05-27 14:47:15
123041,SK-464D96999DCA,253,2024-10-16 06:22:51,2024-10-16 06:22:51
52466,SK-49BE8EE67337,82,2026-02-14 20:53:01,2026-02-14 20:53:01
39457,SK-5E0C74F24D3C,472,2024-11-27 22:03:55,2024-11-27 22:03:55
927,SK-06D9E3E73DF8,270,2024-07-25 16:07:39,2024-07-25 16:07:39
53434,SK-22E8C37BF35C,98,2026-03-15 11:46:54,2026-03-15 11:46:54
59801,SK-D8EE3E0B4F94,310,2025-09-27 10:32:55,2025-09-27 10:32:55
175158,SK-950EFD2BFF4E,293,2025-11-20 08:08:01,2025-11-20 08:08:01
73358,SK-174420F69CD4,131,2025-12-21 11:48:35,2025-12-21 11:48:35
118460,SK-1BE50E935046,343,2025-01-16 00:00:31,2025-01-16 00:00:31
143026,SK-DA76E120352C,429,2025-12-17 03:06:32,2025-12-17 03:06:32
193060,SK-DE1C037DE068,442,2026-01-28 11:51:44,2026-01-28 11:51:44
91694,SK-346AF036D678,97,2025-04-18 21:03:33,2025-04-18 21:03:33
196362,SK-06FCDC125259,323,2025-04-08 17:20:56,2025-04-08 17:20:56
183637,SK-3D828C4EADF2,329,2025-06-27 02:42:45,2025-06-27 02:42:45
36783,SK-83AD4FBE505D,483,2026-03-09 02:38:56,2026-03-09 02:38:56
155763,SK-960B00996E06,243,2025-08-15 15:23:26,2025-08-15 15:23:26
31676,SK-4427190E7798,50,2025-03-21 01:35:39,2025-03-21 01:35:39
70370,SK-0A7CAA678CCE,288,2026-05-13 00:52:53,2026-05-13 00:52:53
90920,SK-665CAA25C7DD,212,2024-06-22 08:40:11,2024-06-22 08:40:11
117955,SK-AB75FF1847C0,237,2025-01-15 18:45:37,2025-01-15 18:45:37
169244,SK-7C3D97A19A09,125,2025-09-07 08:24:14,2025-09-07 08:24:14
22362,SK-72F555898ED3,171,2025-12-21 04:35:47,2025-12-21 04:35:47
199367,SK-28FD12EE410A,324,2024-11-02 00:45:17,2024-11-02 00:45:17
166397,SK-FB454292C6F9,321,2025-08-14 22:05:38,2025-08-14 22:05:38
37270,SK-2E3804C04E00,9,2025-07-13 18:52:00,2025-07-13 18:52:00
16925,SK-337A02E47CA2,386,2025-12-31 01:16:42,2025-12-31 01:16:42
39243,SK-56108B30A624,445,2025-12-20 01:07:59,2025-12-20 01:07:59
43962,SK-883EF6034B66,326,2025-01-27 22:22:56,2025-01-27 22:22:56
88953,SK-695CAE32B9B9,17,2026-05-04 21:12:47,2026-05-04 21:12:47
38704,SK-E2E67A71F1E5,287,2025-02-23 08:25:50,2025-02-23 08:25:50
158169,SK-15D1A378FA40,262,2025-01-16 19:02:38,2025-01-16 19:02:38
120689,SK-242EA57A4786,371,2025-06-07 08:50:03,2025-06-07 08:50:03
116825,SK-3BBD561AD5E1,144,2025-06-11 10:28:06,2025-06-11 10:28:06
100406,SK-DDC8D7FF7E65,217,2025-01-13 21:51:14,2025-01-13 21:51:14
81371,SK-45BC207F43A2,402,2026-02-08 02:03:09,2026-02-08 02:03:09
58130,SK-389CD76030D2,204,2026-03-31 20:17:16,2026-03-31 20:17:16
12439,SK-92C66B2D2F2D,100,2024-09-27 22:25:38,2024-09-27 22:25:38
143963,SK-72EF4A1655DA,111,2025-06-08 00:44:46,2025-06-08 00:44:46
156407,SK-9E876F687463,341,2024-06-08 13:03:19,2024-06-08 13:03:19
55180,SK-40FDD91867A6,306,2025-05-12 03:38:30,2025-05-12 03:38:30
96833,SK-B4CCCA18B160,494,2024-07-16 03:48:54,2024-07-16 03:48:54
81052,SK-A9BFD7D12199,388,2026-04-23 15:10:06,2026-04-23 15:10:06
157982,SK-0A9E7A38A6A2,111,2025-05-28 22:03:12,2025-05-28 22:03:12
156581,SK-7DE7A191B11B,437,2025-08-14 16:51:08,2025-08-14 16:51:08
166393,SK-19597064BBF7,166,2025-08-13 11:04:03,2025-08-13 11:04:03
71057,SK-229123EDC506,136,2025-11-02 23:05:55,2025-11-02 23:05:55
45682,SK-69F2D9B57707,314,2025-01-23 16:35:47,2025-01-23 16:35:47
72117,SK-3F1432BA25DE,57,2024-11-01 07:16:01,2024-11-01 07:16:01
176991,SK-69574CB19808,476,2024-12-19 20:04:42,2024-12-19 20:04:42
81179,SK-FB31D66F0298,355,2026-01-10 11:46:10,2026-01-10 11:46:10
82326,SK-5CBBDC19F211,87,2025-09-09 02:39:18,2025-09-09 02:39:18
167753,SK-EBAE51B4BB73,409,2024-07-23 13:18:19,2024-07-23 13:18:19
87023,SK-B83FDD2B1172,443,2025-09-14 07:32:48,2025-09-14 07:32:48
141197,SK-F1A2C3857778,373,2026-01-07 01:37:59,2026-01-07 01:37:59
153693,SK-0A14754DAAD6,64,2024-10-25 18:20:12,2024-10-25 18:20:12
109579,SK-D101B7BC8B78,376,2025-03-12 01:43:15,2025-03-12 01:43:15
14351,SK-92AE5A3365B8,211,2025-08-07 01:08:49,2025-08-07 01:08:49
166510,SK-5EFD2326F0E8,448,2024-11-09 17:20:51,2024-11-09 17:20:51
30482,SK-61936531FEEE,182,2026-04-07 14:41:45,2026-04-07 14:41:45
121379,SK-937938110252,10,2024-06-24 09:34:40,2024-06-24 09:34:40
144751,SK-E241B42CC8B4,281,2025-07-05 19:29:39,2025-07-05 19:29:39
1101,SK-142483BE8030,383,2025-08-30 08:09:30,2025-08-30 08:09:30
188240,SK-F1610BDE97F8,400,2025-09-09 19:37:52,2025-09-09 19:37:52
71007,SK-51834E0B57EF,151,2025-07-17 17:47:13,2025-07-17 17:47:13
43858,SK-4C53521BFEFB,96,2025-03-02 17:16:42,2025-03-02 17:16:42
167277,SK-257CE74E2108,255,2025-10-26 16:36:10,2025-10-26 16:36:10
196931,SK-04CF703AF1F3,164,2025-09-28 16:01:46,2025-09-28 16:01:46
121314,SK-48E0E41CA5A0,19,2025-06-05 06:28:03,2025-06-05 06:28:03
78743,SK-AC14DF39D937,237,2025-11-06 07:04:30,2025-11-06 07:04:30
134572,SK-7B340C5DB483,330,2024-07-05 21:08:49,2024-07-05 21:08:49
137798,SK-A7426DE4E2A5,443,2026-02-17 17:24:58,2026-02-17 17:24:58
51609,SK-4EFDB55CBBD4,375,2025-10-17 00:49:13,2025-10-17 00:49:13
121881,SK-9222475C99BA,222,2024-07-20 14:26:27,2024-07-20 14:26:27
164386,SK-D4AB995BE6D7,49,2025-02-18 09:21:46,2025-02-18 09:21:46
23779,SK-6C2A49DC414B,196,2025-03-09 09:17:05,2025-03-09 09:17:05
97257,SK-5207573DA5B6,496,2024-11-19 03:44:53,2024-11-19 03:44:53
10512,SK-E00CBDBC9869,251,2024-10-28 10:01:59,2024-10-28 10:01:59
7943,SK-34B22AC87E5D,375,2026-04-01 07:25:18,2026-04-01 07:25:18
86248,SK-A7B266D43A2D,252,2026-03-28 08:05:00,2026-03-28 08:05:00
139076,SK-29337C591BCF,54,2025-07-23 21:57:53,2025-07-23 21:57:53
145685,SK-1EF862564330,179,2026-05-20 04:44:56,2026-05-20 04:44:56
50204,SK-6A724FF90463,13,2026-05-12 14:52:53,2026-05-12 14:52:53
21842,SK-2C1178D95D94,116,2025-10-06 10:08:54,2025-10-06 10:08:54
135779,SK-BADCB9EA37F3,185,2024-11-06 21:38:30,2024-11-06 21:38:30
97609,SK-73407B84A67A,498,2025-02-24 22:36:40,2025-02-24 22:36:40
105736,SK-DF280B507DA4,312,2024-07-04 11:42:11,2024-07-04 11:42:11
82188,SK-A5E27154C148,254,2025-04-25 00:26:36,2025-04-25 00:26:36
142840,SK-573A9AD0FB29,197,2025-08-17 10:49:57,2025-08-17 10:49:57
91547,SK-4697816ED88E,25,2024-09-05 21:37:02,2024-09-05 21:37:02
20055,SK-DA929F78955F,464,2024-09-23 11:19:31,2024-09-23 11:19:31
107948,SK-FC277388249B,360,2026-01-05 16:09:07,2026-01-05 16:09:07
161045,SK-C3AA610F82D2,297,2026-05-28 07:34:52,2026-05-28 07:34:52
77293,SK-A25C8263A774,264,2025-04-09 03:42:38,2025-04-09 03:42:38
39889,SK-BBE096C39E1B,99,2025-08-08 10:37:37,2025-08-08 10:37:37
93599,SK-07275A425F01,407,2026-02-23 23:52:06,2026-02-23 23:52:06
58309,SK-9CF2C4AF3ED1,401,2025-11-10 11:35:31,2025-11-10 11:35:31
164930,SK-5127A57CA2CE,39,2026-01-02 17:41:42,2026-01-02 17:41:42
1592,SK-63E927F3BD41,102,2025-06-07 03:30:16,2025-06-07 03:30:16
28864,SK-76D494222983,88,2026-04-21 22:00:56,2026-04-21 22:00:56
128035,SK-ABCC22AD9C80,183,2025-05-09 21:31:26,2025-05-09 21:31:26
22942,SK-45C793423DDF,185,2024-11-06 09:01:43,2024-11-06 09:01:43
194272,SK-9540C96F0BC2,365,2025-09-29 10:28:35,2025-09-29 10:28:35
171786,SK-FFF049EFCF9E,457,2025-09-14 14:20:38,2025-09-14 14:20:38
60043,SK-0D426ED71F3C,497,2026-01-31 03:13:21,2026-01-31 03:13:21
124927,SK-62B81C008EBB,47,2024-07-10 23:50:28,2024-07-10 23:50:28
110730,SK-CB65A256189A,80,2026-02-22 15:09:35,2026-02-22 15:09:35
64337,SK-9AB2AAD90B60,466,2026-01-11 20:31:07,2026-01-11 20:31:07
71250,SK-A6C8F8250BF4,429,2025-08-18 07:18:11,2025-08-18 07:18:11
126600,SK-FBE654859348,188,2024-07-25 06:53:18,2024-07-25 06:53:18
70194,SK-671DB8D74331,337,2026-01-20 18:45:05,2026-01-20 18:45:05
74595,SK-DFDA1F43C5BB,370,2025-03-17 18:59:14,2025-03-17 18:59:14
15290,SK-63FF8C7DE1BE,313,2024-08-24 03:23:11,2024-08-24 03:23:11
193722,SK-E5FDFAB39DDB,420,2025-08-29 05:00:50,2025-08-29 05:00:50
183748,SK-536243DB1AA2,141,2026-04-17 04:29:39,2026-04-17 04:29:39
29863,SK-2F5112904B06,399,2026-01-04 12:43:11,2026-01-04 12:43:11
52929,SK-EA68EAA931B3,282,2025-01-03 05:56:06,2025-01-03 05:56:06
120871,SK-E3A91C66F7D0,96,2025-04-19 09:44:46,2025-04-19 09:44:46
887,SK-E971AA4D46B2,232,2024-11-15 20:20:24,2024-11-15 20:20:24
86974,SK-EC3995464D1A,231,2025-07-20 16:57:02,2025-07-20 16:57:02
9755,SK-AE76F4F0E9FD,304,2025-04-19 08:25:11,2025-04-19 08:25:11
146409,SK-FDBD0AF8E629,349,2025-01-10 04:17:06,2025-01-10 04:17:06
117699,SK-F33F1700D859,194,2025-08-04 12:09:59,2025-08-04 12:09:59
142973,SK-F2F565775165,85,2025-11-15 17:35:21,2025-11-15 17:35:21
67712,SK-EECD9ADB703B,218,2024-09-23 00:54:43,2024-09-23 00:54:43
139729,SK-09F10E2EC08B,202,2024-09-10 04:05:18,2024-09-10 04:05:18
85807,SK-DD1B18A7256B,45,2025-06-20 03:36:07,2025-06-20 03:36:07
104045,SK-04A3029810D3,200,2025-02-05 05:59:46,2025-02-05 05:59:46
52705,SK-6E032E81EDD2,49,2024-09-28 02:58:00,2024-09-28 02:58:00
47246,SK-C1C0218B80F5,153,2025-06-17 06:12:56,2025-06-17 06:12:56
44362,SK-55B82EE6FE12,101,2025-04-10 17:27:36,2025-04-10 17:27:36
73029,SK-2655BB9877A2,445,2024-11-23 08:49:43,2024-11-23 08:49:43
83599,SK-21CCCA1C5990,388,2024-09-27 10:41:15,2024-09-27 10:41:15
166190,SK-303D93A3C15B,379,2025-12-24 05:13:47,2025-12-24 05:13:47
76211,SK-840E567695BA,329,2024-10-19 19:49:35,2024-10-19 19:49:35
16826,SK-FB7BC78A2F69,48,2025-07-23 20:40:35,2025-07-23 20:40:35
117324,SK-437E5DEF3B63,198,2024-09-07 10:03:33,2024-09-07 10:03:33
122259,SK-5BF37D1FB3E5,61,2026-02-18 23:04:57,2026-02-18 23:04:57
8804,SK-22D59144E705,301,2025-10-31 00:07:08,2025-10-31 00:07:08
854,SK-85891427C78C,289,2025-03-17 19:22:12,2025-03-17 19:22:12
180894,SK-A71A89D02011,150,2024-10-11 14:58:24,2024-10-11 14:58:24
129074,SK-5F8B34FD3FEE,226,2024-09-03 07:27:27,2024-09-03 07:27:27
137325,SK-244C56542576,401,2025-04-22 04:01:20,2025-04-22 04:01:20
9354,SK-A3916A284462,328,2025-10-16 01:20:05,2025-10-16 01:20:05
111181,SK-6BECA49DD687,333,2026-05-17 07:40:26,2026-05-17 07:40:26
7937,SK-907936D8056D,479,2025-09-29 09:31:42,2025-09-29 09:31:42
103371,SK-1224E4E1F382,86,2026-04-22 15:16:24,2026-04-22 15:16:24
92509,SK-772E7C39AC2B,347,2024-08-14 05:14:50,2024-08-14 05:14:50
37700,SK-B525C0E12C07,341,2025-05-11 08:21:57,2025-05-11 08:21:57
188104,SK-C91398156E9C,237,2024-11-19 21:41:25,2024-11-19 21:41:25
107381,SK-DA4FBE6D59FE,230,2025-11-01 08:44:09,2025-11-01 08:44:09
112541,SK-8A32D4B7F5E4,355,2025-07-25 06:59:00,2025-07-25 06:59:00
10450,SK-A2DD4DD401F5,97,2025-10-20 16:42:47,2025-10-20 16:42:47
185494,SK-12F7BF7FF1C5,392,2026-01-24 17:57:42,2026-01-24 17:57:42
67742,SK-291742CEC14A,15,2024-10-04 10:38:06,2024-10-04 10:38:06
162349,SK-440B67F61F4A,140,2026-03-01 20:40:24,2026-03-01 20:40:24
62761,SK-DB9C0CC7826E,384,2026-03-28 16:45:57,2026-03-28 16:45:57
41605,SK-0901627C6074,294,2025-10-09 04:28:02,2025-10-09 04:28:02
163385,SK-04554FF2729B,477,2025-01-13 10:25:29,2025-01-13 10:25:29
80434,SK-5BF38DC7FB0B,63,2025-06-03 14:11:24,2025-06-03 14:11:24
128783,SK-226E4CE4547C,296,2024-06-17 20:26:24,2024-06-17 20:26:24
123815,SK-F26DBABDF178,104,2025-01-07 23:36:09,2025-01-07 23:36:09
92142,SK-C0BA2B0E0474,163,2024-09-30 10:07:27,2024-09-30 10:07:27
25254,SK-F598B74E90C2,245,2026-05-05 09:26:34,2026-05-05 09:26:34
155049,SK-253929F58B61,297,2026-03-27 08:33:11,2026-03-27 08:33:11
188042,SK-A4EB5202C92E,257,2024-11-28 04:45:14,2024-11-28 04:45:14
157050,SK-80B84608A62C,323,2025-02-13 11:44:48,2025-02-13 11:44:48
160964,SK-03A3BC7A139D,171,2026-04-01 17:36:08,2026-04-01 17:36:08
7308,SK-09867FE7253D,238,2025-08-12 03:21:36,2025-08-12 03:21:36
113076,SK-F509D7286028,152,2025-01-17 10:59:47,2025-01-17 10:59:47
86637,SK-5974AD94D5A7,27,2024-09-28 20:40:26,2024-09-28 20:40:26
195010,SK-F1E0B9C6356A,268,2025-11-24 17:11:36,2025-11-24 17:11:36
107091,SK-8D663B4A3B79,339,2026-05-12 16:27:09,2026-05-12 16:27:09
137303,SK-80682DC7F4F6,425,2025-01-27 05:19:25,2025-01-27 05:19:25
103999,SK-B21EAA9589B5,65,2025-04-17 10:49:40,2025-04-17 10:49:40
118013,SK-5D9D9F8B3ADB,221,2024-08-22 18:16:08,2024-08-22 18:16:08
117263,SK-6975585CE5AB,104,2024-12-09 23:27:46,2024-12-09 23:27:46
147962,SK-99D889D207B3,127,2025-10-09 18:54:26,2025-10-09 18:54:26
133654,SK-B60FB596921F,44,2025-10-18 15:33:59,2025-10-18 15:33:59
63127,SK-980FF1C65B22,423,2026-05-03 17:12:13,2026-05-03 17:12:13
44104,SK-0DEEF1F545DB,296,2024-06-06 12:41:14,2024-06-06 12:41:14
98925,SK-879FED458FDB,179,2025-12-03 09:03:55,2025-12-03 09:03:55
43846,SK-B43953D107A8,50,2025-04-13 01:28:13,2025-04-13 01:28:13
85867,SK-8C6A03D37147,249,2024-09-19 19:54:19,2024-09-19 19:54:19
17118,SK-2D5D4F15647D,476,2025-01-28 20:48:15,2025-01-28 20:48:15
29946,SK-7F8AC164A057,92,2026-02-07 22:18:11,2026-02-07 22:18:11
150400,SK-5CE3408A67DF,303,2026-03-30 20:32:03,2026-03-30 20:32:03
46218,SK-DE2606391338,104,2024-08-21 15:31:55,2024-08-21 15:31:55
53189,SK-A6BDBE49DCA7,312,2024-10-12 03:12:20,2024-10-12 03:12:20
97153,SK-7D8D22E0EEC0,319,2024-09-24 13:23:58,2024-09-24 13:23:58
71706,SK-91430C2D8803,273,2025-11-26 03:38:05,2025-11-26 03:38:05
37287,SK-53538D07CF88,152,2025-04-24 14:47:20,2025-04-24 14:47:20
99059,SK-02138A6B4B8D,323,2024-07-07 14:43:16,2024-07-07 14:43:16
134583,SK-B2740A52235D,416,2024-11-20 22:57:49,2024-11-20 22:57:49
145581,SK-74EDA76DB5B2,265,2025-05-25 12:41:26,2025-05-25 12:41:26
66965,SK-9896132C1084,193,2025-12-02 13:11:57,2025-12-02 13:11:57
59329,SK-793223766464,188,2024-06-22 03:49:07,2024-06-22 03:49:07
108011,SK-640139117490,295,2026-03-30 01:08:09,2026-03-30 01:08:09
35407,SK-01E492C98DB4,377,2025-10-25 01:41:01,2025-10-25 01:41:01
26153,SK-851E2DA536D1,54,2024-10-24 01:32:15,2024-10-24 01:32:15
184355,SK-B6672635CA50,258,2025-01-11 10:44:29,2025-01-11 10:44:29
65418,SK-CA72C0BB51FA,2,2024-11-01 17:29:30,2024-11-01 17:29:30
22421,SK-A374DE814CA0,198,2024-10-06 19:34:59,2024-10-06 19:34:59
82163,SK-34D9B2FB0155,131,2026-01-13 15:27:55,2026-01-13 15:27:55
177015,SK-9B869726591C,310,2026-02-16 23:53:22,2026-02-16 23:53:22
198777,SK-582A07590C69,133,2025-10-15 07:39:25,2025-10-15 07:39:25
88854,SK-2B1562D27AB1,319,2025-04-26 13:32:42,2025-04-26 13:32:42
104683,SK-0A44D6D36996,263,2024-05-29 02:46:29,2024-05-29 02:46:29
129126,SK-4A53BA467215,33,2024-10-03 09:43:03,2024-10-03 09:43:03
193393,SK-21071BD840E3,15,2025-01-30 20:42:28,2025-01-30 20:42:28
115768,SK-E051BBC14EAC,204,2024-11-15 07:49:11,2024-11-15 07:49:11
115977,SK-039E96849484,60,2025-11-27 18:12:05,2025-11-27 18:12:05
199857,SK-A372FE04609F,378,2025-11-06 09:14:10,2025-11-06 09:14:10
192318,SK-620C738454F9,141,2025-11-19 21:54:36,2025-11-19 21:54:36
171421,SK-248F6FF3D5B1,275,2025-11-10 10:55:48,2025-11-10 10:55:48
166091,SK-165B98B25A9D,369,2025-10-21 03:17:38,2025-10-21 03:17:38
146773,SK-01A0F8F8934C,350,2025-12-12 16:10:37,2025-12-12 16:10:37
60118,SK-81844166A8CD,280,2024-12-22 02:45:44,2024-12-22 02:45:44
174484,SK-EEA865A82C40,330,2026-02-19 06:50:09,2026-02-19 06:50:09
57365,SK-6C99B02CFF91,58,2025-07-18 10:30:32,2025-07-18 10:30:32
40614,SK-49929BF28638,55,2025-03-13 09:51:27,2025-03-13 09:51:27
163722,SK-A69B28AF78AF,342,2024-12-03 17:50:17,2024-12-03 17:50:17
58910,SK-818DBBFA1315,180,2026-04-15 21:50:47,2026-04-15 21:50:47
3408,SK-5D23EC3DD5EC,380,2025-02-04 04:01:11,2025-02-04 04:01:11
127118,SK-80260C17CEDF,392,2025-12-26 02:40:15,2025-12-26 02:40:15
108454,SK-32C053285614,293,2025-05-29 20:55:24,2025-05-29 20:55:24
110832,SK-9AE29A26A5DC,345,2025-01-22 15:39:27,2025-01-22 15:39:27
31785,SK-EBCDB3540064,440,2026-01-22 09:45:47,2026-01-22 09:45:47
7354,SK-E3D4549651B0,461,2025-01-14 18:31:27,2025-01-14 18:31:27
13515,SK-307A04CD77A9,194,2025-01-05 23:40:09,2025-01-05 23:40:09
194114,SK-C817304E840D,82,2024-06-08 01:48:16,2024-06-08 01:48:16
196230,SK-B446D2B61AB8,255,2024-12-06 09:43:56,2024-12-06 09:43:56
33644,SK-A00370073C99,61,2026-03-08 11:35:14,2026-03-08 11:35:14
88378,SK-BA1E5A1AFE66,463,2025-02-08 14:06:29,2025-02-08 14:06:29
159982,SK-99CBE152CD1B,181,2025-07-24 16:32:13,2025-07-24 16:32:13
182722,SK-633CF8D20A81,238,2024-06-02 04:19:55,2024-06-02 04:19:55
132866,SK-E3A970A2132F,470,2024-05-30 00:46:35,2024-05-30 00:46:35
27227,SK-36B3B935B736,493,2024-10-26 21:20:37,2024-10-26 21:20:37
192748,SK-638366459049,462,2024-06-26 15:27:35,2024-06-26 15:27:35
139128,SK-112B816E7539,37,2025-04-11 08:28:35,2025-04-11 08:28:35
185889,SK-CBFF5DC94FF7,72,2026-02-24 23:59:13,2026-02-24 23:59:13
197615,SK-26DEB3960A15,54,2025-12-07 14:30:09,2025-12-07 14:30:09
87719,SK-0013AC8625E4,287,2025-08-26 22:24:09,2025-08-26 22:24:09
37515,SK-E4EB9BA5A987,38,2024-06-03 12:41:41,2024-06-03 12:41:41
162613,SK-400C0E2DAF67,187,2024-07-07 13:03:03,2024-07-07 13:03:03
140117,SK-C5397DF1130E,388,2025-01-17 07:07:49,2025-01-17 07:07:49
23249,SK-F202F6E7B647,112,2026-02-24 00:00:38,2026-02-24 00:00:38
137656,SK-4F9DA1A51431,29,2025-06-01 22:06:29,2025-06-01 22:06:29
45157,SK-3398CEB74D65,136,2024-08-14 13:53:48,2024-08-14 13:53:48
46111,SK-3180FA99F27D,121,2025-11-27 05:45:39,2025-11-27 05:45:39
62440,SK-F1AB0630A207,227,2024-11-20 03:40:23,2024-11-20 03:40:23
175739,SK-6CC30636B505,417,2025-07-13 09:27:53,2025-07-13 09:27:53
37399,SK-D46881FB04DC,207,2026-04-30 13:31:34,2026-04-30 13:31:34
294,SK-D06E2B9D4919,390,2024-06-13 18:24:11,2024-06-13 18:24:11
6506,SK-2E98672F8E87,391,2025-05-18 01:12:25,2025-05-18 01:12:25
190813,SK-6254B0BE22FD,445,2026-02-09 02:31:54,2026-02-09 02:31:54
123968,SK-302B246254E5,24,2025-03-21 21:04:48,2025-03-21 21:04:48
159477,SK-5B5A10D4A187,54,2024-09-12 23:29:19,2024-09-12 23:29:19
37622,SK-E47703917696,144,2024-09-28 02:39:16,2024-09-28 02:39:16
75108,SK-9DCDE5763F1F,413,2025-05-07 02:02:31,2025-05-07 02:02:31
144873,SK-3F65108C5B88,41,2024-07-11 14:52:00,2024-07-11 14:52:00
108128,SK-7D48CA22E95B,402,2026-05-03 03:48:08,2026-05-03 03:48:08
113100,SK-4C57147EBD70,126,2026-02-27 11:07:16,2026-02-27 11:07:16
193851,SK-89185CBF5C36,261,2025-07-04 07:02:21,2025-07-04 07:02:21
182018,SK-1C397254D5D9,212,2025-01-21 23:37:07,2025-01-21 23:37:07
101038,SK-491161AED31E,245,2025-01-16 15:03:47,2025-01-16 15:03:47
114321,SK-229D968F7D4F,60,2025-07-05 15:50:48,2025-07-05 15:50:48
188054,SK-7DAE39C6AEDD,456,2026-05-24 11:46:18,2026-05-24 11:46:18
152430,SK-FDE0ED7EE6ED,389,2026-01-23 11:08:41,2026-01-23 11:08:41
43037,SK-5BC08063CEF0,37,2025-06-22 05:33:14,2025-06-22 05:33:14
125814,SK-99B44DAD3AAD,108,2025-04-30 16:03:58,2025-04-30 16:03:58
5729,SK-63E2EBABBC96,149,2025-09-21 01:22:04,2025-09-21 01:22:04
30895,SK-C4B1C883F9EB,255,2025-12-11 14:44:24,2025-12-11 14:44:24
35557,SK-174BBC581222,416,2024-11-13 10:53:59,2024-11-13 10:53:59
88188,SK-91D253889EB8,151,2025-06-03 20:33:43,2025-06-03 20:33:43
152289,SK-83C0108276AF,421,2026-05-03 18:02:59,2026-05-03 18:02:59
160584,SK-61C664537835,266,2024-07-19 09:37:50,2024-07-19 09:37:50
149257,SK-D572592429B7,265,2025-03-13 03:16:53,2025-03-13 03:16:53
107729,SK-8E09D0BEA3AE,392,2025-07-20 02:39:40,2025-07-20 02:39:40
143481,SK-C619D12C1FF0,156,2026-01-13 20:13:31,2026-01-13 20:13:31
48858,SK-8783217F80C8,377,2024-12-10 11:42:22,2024-12-10 11:42:22
113257,SK-6FC2BD4DD63B,109,2025-06-03 01:15:01,2025-06-03 01:15:01
10622,SK-92F4299DB2BC,57,2025-04-14 07:10:30,2025-04-14 07:10:30
17154,SK-1894C1EB9401,217,2025-04-05 01:36:33,2025-04-05 01:36:33
175012,SK-99728F36B266,232,2025-11-14 14:08:13,2025-11-14 14:08:13
123690,SK-5144E6534C45,275,2026-04-15 17:02:41,2026-04-15 17:02:41
82932,SK-2A4064C55618,259,2025-02-22 08:01:30,2025-02-22 08:01:30
109705,SK-C91DFDAE65CC,404,2024-07-22 21:48:06,2024-07-22 21:48:06
100468,SK-AC63E37BB3BB,330,2024-12-17 06:59:50,2024-12-17 06:59:50
196177,SK-8592E3E87F71,484,2025-02-26 15:24:14,2025-02-26 15:24:14
87679,SK-D388C53E6C51,240,2025-03-11 08:25:23,2025-03-11 08:25:23
18577,SK-563CA5C50833,433,2025-05-20 02:43:01,2025-05-20 02:43:01
15073,SK-A0CBEEFBAC77,345,2024-09-18 15:42:37,2024-09-18 15:42:37
110655,SK-45BB5E3DF7F0,449,2026-05-08 05:10:11,2026-05-08 05:10:11
151598,SK-747793CF6004,90,2026-03-07 14:53:13,2026-03-07 14:53:13
96404,SK-251C44FD92E3,352,2024-09-29 13:21:16,2024-09-29 13:21:16
190121,SK-524AEB34543F,385,2024-11-17 18:55:39,2024-11-17 18:55:39
40943,SK-43868CDF8CF6,73,2025-11-08 10:39:05,2025-11-08 10:39:05
28435,SK-E15D3B320589,297,2024-10-23 01:49:44,2024-10-23 01:49:44
110359,SK-BF2A14FFF1B0,234,2025-03-19 02:24:01,2025-03-19 02:24:01
185836,SK-6B068073BF44,102,2026-02-15 14:48:21,2026-02-15 14:48:21
106825,SK-465F95DD405D,126,2025-05-05 06:28:11,2025-05-05 06:28:11
20787,SK-E7E63FD3FA16,368,2025-10-14 01:35:46,2025-10-14 01:35:46
157351,SK-5866B16F1EE0,407,2024-08-01 10:04:46,2024-08-01 10:04:46
58181,SK-CF1DAEE0C5FD,153,2025-04-27 20:52:47,2025-04-27 20:52:47
173261,SK-F44EAC9DC99E,316,2025-02-10 15:44:19,2025-02-10 15:44:19
25005,SK-51F520B9FC3E,447,2024-10-03 02:39:02,2024-10-03 02:39:02
32583,SK-C65180002860,69,2025-02-12 20:03:58,2025-02-12 20:03:58
94432,SK-84B05ACA7D96,220,2025-09-05 07:07:09,2025-09-05 07:07:09
131521,SK-B8C51AF249FC,157,2024-11-30 19:03:18,2024-11-30 19:03:18
345,SK-B0321472AC67,288,2024-08-25 13:27:39,2024-08-25 13:27:39
96059,SK-871EB6D0A086,13,2026-04-12 15:30:10,2026-04-12 15:30:10
160850,SK-89A7B6EA715F,21,2025-11-20 13:55:44,2025-11-20 13:55:44
74768,SK-D3288ED32CDC,361,2025-09-22 09:39:27,2025-09-22 09:39:27
152321,SK-3895DD436E72,477,2026-01-09 23:43:06,2026-01-09 23:43:06
29056,SK-FD621167A57F,161,2025-04-22 02:47:40,2025-04-22 02:47:40
55957,SK-0FED1515CFAC,328,2025-02-27 20:13:22,2025-02-27 20:13:22
61718,SK-DF9B12475A0A,374,2024-09-12 13:45:16,2024-09-12 13:45:16
96703,SK-FB54896B4374,216,2025-04-27 16:00:01,2025-04-27 16:00:01
78987,SK-E2158BAED074,407,2024-07-06 09:41:07,2024-07-06 09:41:07
70101,SK-BE7D53E52B0A,379,2025-06-15 07:56:02,2025-06-15 07:56:02
172559,SK-8BB966491A8D,66,2026-01-24 13:44:26,2026-01-24 13:44:26
105310,SK-E182CED4CDEB,79,2025-03-10 07:16:07,2025-03-10 07:16:07
88714,SK-4F8AC84FFF28,123,2025-05-22 13:09:24,2025-05-22 13:09:24
72120,SK-24A80DFBF8E9,338,2024-10-24 20:57:45,2024-10-24 20:57:45
144027,SK-E6B515FDC07B,89,2025-01-20 15:35:08,2025-01-20 15:35:08
180511,SK-23FDF32829EB,258,2025-12-14 01:45:17,2025-12-14 01:45:17
41623,SK-8308F9B05480,311,2024-07-22 04:10:48,2024-07-22 04:10:48
169177,SK-F0964C9E6C40,272,2025-12-09 04:43:59,2025-12-09 04:43:59
184403,SK-D14E66BE3539,375,2025-10-28 01:14:38,2025-10-28 01:14:38
114939,SK-81A37D370CEA,223,2024-07-01 20:40:59,2024-07-01 20:40:59
132414,SK-37A7B0B1E5E3,483,2025-06-13 21:07:31,2025-06-13 21:07:31
188807,SK-3286BF7CA0BD,296,2025-05-14 19:57:07,2025-05-14 19:57:07
128738,SK-E3ADFAADE3C2,378,2026-01-20 18:53:47,2026-01-20 18:53:47
100826,SK-95C401FB3EF0,461,2025-05-14 19:13:04,2025-05-14 19:13:04
49269,SK-85589BC2844A,177,2025-06-24 13:20:35,2025-06-24 13:20:35
49227,SK-BBCD8BEC7EB9,196,2024-11-20 15:58:04,2024-11-20 15:58:04
67897,SK-84EC3D37B2B7,374,2025-10-16 07:35:06,2025-10-16 07:35:06
111244,SK-A19925D5223F,160,2024-06-26 23:14:15,2024-06-26 23:14:15
163996,SK-140866E64A80,246,2025-11-12 17:14:50,2025-11-12 17:14:50
65218,SK-0407993C5FFD,255,2025-04-23 15:12:55,2025-04-23 15:12:55
176738,SK-866FC4016E27,286,2024-10-09 16:45:16,2024-10-09 16:45:16
17039,SK-82DD9C91EED2,183,2025-06-06 18:36:19,2025-06-06 18:36:19
119515,SK-C14F5B29EF0A,248,2025-12-01 01:27:51,2025-12-01 01:27:51
49141,SK-7F0302E58DBE,117,2025-09-18 20:50:31,2025-09-18 20:50:31
192779,SK-2B6F8CE0193E,140,2025-11-08 19:25:56,2025-11-08 19:25:56
170115,SK-F4EF3D6445FB,424,2025-04-28 15:25:17,2025-04-28 15:25:17
182460,SK-A3CA07A41B86,230,2024-09-27 04:30:11,2024-09-27 04:30:11
134241,SK-0032D31279A2,412,2024-07-09 21:20:26,2024-07-09 21:20:26
45462,SK-56D03BE8AF46,481,2025-09-27 22:56:53,2025-09-27 22:56:53
129939,SK-AEF792692ED3,274,2025-02-12 16:57:37,2025-02-12 16:57:37
44868,SK-2DDA726721E1,428,2025-12-17 08:04:07,2025-12-17 08:04:07
12324,SK-1DDACBE74F96,472,2026-05-21 11:35:15,2026-05-21 11:35:15
55469,SK-9C6DAF6C5334,199,2025-09-23 18:20:50,2025-09-23 18:20:50
9558,SK-0D68494E376C,238,2025-05-26 22:53:14,2025-05-26 22:53:14
61519,SK-66A3C4C3C96B,385,2024-12-08 02:34:29,2024-12-08 02:34:29
6494,SK-A1223D5B9F28,230,2026-04-07 20:17:16,2026-04-07 20:17:16
31080,SK-E0D4A51C3264,404,2025-01-08 19:48:13,2025-01-08 19:48:13
191313,SK-5BCFF54CC31B,46,2024-06-07 03:51:20,2024-06-07 03:51:20
167621,SK-396E5B3687B4,360,2025-02-11 04:33:40,2025-02-11 04:33:40
14251,SK-461C27F648BB,93,2024-07-25 00:38:53,2024-07-25 00:38:53
71687,SK-4C4DEC8DD85E,292,2025-05-08 13:55:18,2025-05-08 13:55:18
52719,SK-83218A8F2856,428,2024-06-24 09:47:39,2024-06-24 09:47:39
173800,SK-FD52D4C22299,270,2025-12-04 21:18:32,2025-12-04 21:18:32
21310,SK-98E7DDDE9FB5,349,2025-01-13 04:29:09,2025-01-13 04:29:09
154605,SK-51638FAB6162,63,2024-08-08 20:52:49,2024-08-08 20:52:49
37958,SK-8EB81DE7B7D8,482,2024-08-15 18:45:25,2024-08-15 18:45:25
160482,SK-9CFFC2A7FF0B,361,2026-01-05 17:10:31,2026-01-05 17:10:31
171794,SK-12212433A65A,235,2024-07-29 19:51:53,2024-07-29 19:51:53
148740,SK-BBF7D445D3FA,440,2025-03-28 20:32:25,2025-03-28 20:32:25
13806,SK-05A1430D9A5F,254,2026-04-24 04:00:40,2026-04-24 04:00:40
69242,SK-9FBC75C2B5F7,108,2026-03-18 10:56:47,2026-03-18 10:56:47
258,SK-9E8BB0219F72,42,2025-09-23 18:42:33,2025-09-23 18:42:33
181332,SK-9CD795F911C9,354,2025-05-18 12:20:29,2025-05-18 12:20:29
79900,SK-95923447A2B3,397,2026-05-16 17:29:46,2026-05-16 17:29:46
130304,SK-6DC2DB3BD9EA,380,2025-12-10 10:03:54,2025-12-10 10:03:54
40518,SK-2B2EC3CCA5C6,146,2025-06-25 13:51:27,2025-06-25 13:51:27
71891,SK-6CC4853145E2,60,2025-02-16 15:45:11,2025-02-16 15:45:11
66503,SK-C53621FDFF43,187,2025-12-27 01:34:47,2025-12-27 01:34:47
127439,SK-0BBAD4693E09,396,2026-01-19 05:08:04,2026-01-19 05:08:04
182179,SK-8BD5490EF44F,353,2025-08-05 18:23:44,2025-08-05 18:23:44
62646,SK-8E293C76E25D,351,2026-03-03 20:30:22,2026-03-03 20:30:22
122590,SK-986D82FF7F77,200,2025-04-08 00:01:26,2025-04-08 00:01:26
71927,SK-DA2EEBC3651F,15,2025-12-08 18:37:05,2025-12-08 18:37:05
38075,SK-D75CC999E386,201,2024-12-29 17:28:00,2024-12-29 17:28:00
114698,SK-F0E3E2F8E36C,301,2026-04-04 05:00:16,2026-04-04 05:00:16
180282,SK-F8B9F3F6932E,488,2025-09-01 00:02:36,2025-09-01 00:02:36
73398,SK-82A7CD5B9508,464,2026-03-06 07:55:49,2026-03-06 07:55:49
38803,SK-022FCE361469,378,2024-09-26 21:57:38,2024-09-26 21:57:38
45268,SK-D32CCCC2ADC4,88,2024-08-28 16:33:29,2024-08-28 16:33:29
171983,SK-3EE9B49059AD,166,2024-07-15 13:23:05,2024-07-15 13:23:05
44594,SK-050ED6C02D67,134,2024-07-03 22:48:13,2024-07-03 22:48:13
75543,SK-CB89556D4B69,458,2025-07-19 22:51:23,2025-07-19 22:51:23
137034,SK-877E581867F2,195,2024-11-27 19:29:48,2024-11-27 19:29:48
15182,SK-F2E269BFCECF,450,2025-01-19 05:05:12,2025-01-19 05:05:12
55352,SK-9524EBF0FFA8,434,2024-11-17 04:05:37,2024-11-17 04:05:37
36135,SK-5392AA7584BC,73,2026-05-06 17:06:23,2026-05-06 17:06:23
14176,SK-4264F86FA1DB,7,2025-02-14 07:50:53,2025-02-14 07:50:53
193998,SK-C9E9566EA4A6,402,2024-07-08 15:03:54,2024-07-08 15:03:54
142778,SK-C4011ACCF625,364,2025-11-21 00:20:07,2025-11-21 00:20:07
68030,SK-D243936F10BB,387,2025-07-30 13:50:24,2025-07-30 13:50:24
57087,SK-276012A4E37D,260,2025-08-23 02:50:16,2025-08-23 02:50:16
105697,SK-4B55243712A7,401,2025-07-25 14:22:17,2025-07-25 14:22:17
82910,SK-B80464731D82,6,2025-12-01 12:14:34,2025-12-01 12:14:34
87238,SK-959F119F2D51,186,2026-03-21 00:12:44,2026-03-21 00:12:44
159818,SK-C5AE7A0870FE,43,2026-01-06 07:36:04,2026-01-06 07:36:04
35775,SK-BC724380C7AE,206,2026-05-09 00:58:15,2026-05-09 00:58:15
195110,SK-AD998C48DB9A,298,2025-02-19 04:26:16,2025-02-19 04:26:16
132775,SK-690A72E6BB16,302,2025-09-06 13:58:06,2025-09-06 13:58:06
148234,SK-BAB0A1CCA1B9,235,2025-01-15 16:42:45,2025-01-15 16:42:45
165962,SK-78FEA7E38E41,476,2025-06-26 00:18:55,2025-06-26 00:18:55
75575,SK-888249F7B20A,345,2025-11-11 17:32:29,2025-11-11 17:32:29
142556,SK-358E6F54FB3A,83,2025-12-14 03:32:29,2025-12-14 03:32:29
57805,SK-026754048A90,287,2025-01-15 16:47:20,2025-01-15 16:47:20
51272,SK-22596F919A6F,164,2024-06-20 22:25:12,2024-06-20 22:25:12
166597,SK-F65FE813373B,275,2025-03-22 04:28:45,2025-03-22 04:28:45
29333,SK-E47CA80CA846,190,2026-04-17 09:36:21,2026-04-17 09:36:21
139887,SK-CD0EC5039A42,126,2024-07-27 13:37:50,2024-07-27 13:37:50
135963,SK-EB0B71032250,184,2024-07-16 15:38:34,2024-07-16 15:38:34
32301,SK-9BAD11E15E07,42,2026-01-11 09:12:26,2026-01-11 09:12:26
164047,SK-64D7646DEAFE,14,2024-08-01 00:40:13,2024-08-01 00:40:13
157067,SK-2E172EA7D44D,183,2026-03-29 05:45:56,2026-03-29 05:45:56
96278,SK-9A52EBFB0334,369,2024-12-14 23:02:13,2024-12-14 23:02:13
44031,SK-9B53CB07B32A,108,2025-08-15 18:10:39,2025-08-15 18:10:39
78255,SK-FE4D0F114E24,268,2025-10-07 17:37:50,2025-10-07 17:37:50
144557,SK-14FA5B091820,149,2025-09-01 07:35:53,2025-09-01 07:35:53
2206,SK-62C7122E6336,491,2025-07-06 01:12:26,2025-07-06 01:12:26
94320,SK-45C42E1D496A,296,2024-12-28 02:50:20,2024-12-28 02:50:20
162534,SK-8F17F95343CB,230,2025-02-04 01:28:42,2025-02-04 01:28:42
30694,SK-7ECDC07E5CB8,283,2025-03-13 22:11:50,2025-03-13 22:11:50
83896,SK-BD265B061EAB,210,2025-12-15 05:09:09,2025-12-15 05:09:09
30803,SK-2F1078CC35B4,37,2025-08-20 12:11:07,2025-08-20 12:11:07
165942,SK-B25E180F6FB1,483,2025-08-13 18:14:24,2025-08-13 18:14:24
166400,SK-391155FF39D3,330,2024-10-14 04:34:43,2024-10-14 04:34:43
124987,SK-297E9359C758,222,2024-06-05 09:52:09,2024-06-05 09:52:09
65343,SK-2D7DCD6293B3,228,2025-03-14 16:59:24,2025-03-14 16:59:24
27678,SK-9EAF2C81CFFC,91,2025-06-02 23:46:00,2025-06-02 23:46:00
185326,SK-8171BAE2F4C0,327,2026-05-21 01:20:35,2026-05-21 01:20:35
81819,SK-5C9F189567FE,3,2024-06-23 18:37:43,2024-06-23 18:37:43
39979,SK-E0B593D73A91,447,2025-08-22 15:47:10,2025-08-22 15:47:10
67651,SK-D5DD73E65C4A,288,2024-08-24 03:19:41,2024-08-24 03:19:41
160111,SK-88F4C2D44ACC,155,2025-07-14 11:45:45,2025-07-14 11:45:45
108165,SK-5CF398BF5C0B,240,2026-04-29 23:38:52,2026-04-29 23:38:52
88648,SK-D380ED551828,34,2024-11-29 11:06:19,2024-11-29 11:06:19
162448,SK-7CC0C8576281,434,2025-07-07 07:20:24,2025-07-07 07:20:24
11979,SK-5243C2611DAD,193,2026-04-18 18:02:45,2026-04-18 18:02:45
180245,SK-2264248993EF,424,2025-05-24 17:27:55,2025-05-24 17:27:55
165452,SK-D07F042F4EEC,346,2026-03-22 06:22:25,2026-03-22 06:22:25
190298,SK-6FDE953D2D11,414,2025-11-28 19:58:57,2025-11-28 19:58:57
106342,SK-869B154E7A2D,278,2025-12-12 15:41:31,2025-12-12 15:41:31
170323,SK-1EA340B0C07A,318,2025-12-10 04:30:39,2025-12-10 04:30:39
2741,SK-E1C6CDA7AB93,452,2024-11-08 14:47:05,2024-11-08 14:47:05
16622,SK-2CE38F69426C,70,2024-10-24 10:42:54,2024-10-24 10:42:54
130131,SK-B1F3D244942C,410,2024-10-01 01:55:58,2024-10-01 01:55:58
46727,SK-8D920102CAA1,188,2024-12-27 17:25:23,2024-12-27 17:25:23
34744,SK-11D7B4725A63,324,2026-02-07 15:21:47,2026-02-07 15:21:47
104903,SK-E157624A809C,20,2026-04-26 23:26:36,2026-04-26 23:26:36
26472,SK-293EF8BB8438,400,2024-12-02 16:25:22,2024-12-02 16:25:22
144706,SK-2666922E5B6E,13,2026-04-21 06:57:31,2026-04-21 06:57:31
2817,SK-30C10BFF7ACA,141,2026-04-24 10:27:12,2026-04-24 10:27:12
116598,SK-85EEB8822899,201,2025-06-08 21:03:31,2025-06-08 21:03:31
10104,SK-0D73634B213D,178,2025-06-20 15:10:16,2025-06-20 15:10:16
24636,SK-10FD17083383,148,2026-04-23 20:15:12,2026-04-23 20:15:12
27727,SK-D8D2E2B613F8,116,2024-08-31 23:23:51,2024-08-31 23:23:51
111568,SK-04B4E4E3C3EC,212,2025-05-20 09:26:55,2025-05-20 09:26:55
15112,SK-087884197F8E,35,2025-11-27 23:02:23,2025-11-27 23:02:23
134067,SK-7C8EACC3553C,186,2025-06-04 08:34:52,2025-06-04 08:34:52
172816,SK-5AF2A8A5D277,366,2025-05-16 23:55:13,2025-05-16 23:55:13
195880,SK-E5384546F524,462,2026-02-19 13:09:54,2026-02-19 13:09:54
48848,SK-10BD083444C2,185,2025-08-21 01:29:23,2025-08-21 01:29:23
3906,SK-52BE09C83979,260,2025-03-05 20:49:31,2025-03-05 20:49:31
71349,SK-02A86B61AA7E,20,2024-06-01 20:55:20,2024-06-01 20:55:20
83562,SK-01FA9AB7952A,309,2025-10-18 23:35:42,2025-10-18 23:35:42
91428,SK-9B46550C7ACB,388,2025-05-27 22:20:32,2025-05-27 22:20:32
34271,SK-A5E67B42CE1E,360,2024-10-08 03:28:55,2024-10-08 03:28:55
153711,SK-4D757BF58A4B,333,2024-09-25 18:17:25,2024-09-25 18:17:25
188565,SK-BC201947CF37,329,2024-08-02 13:59:57,2024-08-02 13:59:57
128454,SK-36788DAEBD9B,171,2025-01-16 08:43:00,2025-01-16 08:43:00
107586,SK-F41400282F95,413,2024-11-18 03:58:21,2024-11-18 03:58:21
94514,SK-C6BCC8C9AFC3,133,2026-01-28 15:16:00,2026-01-28 15:16:00
121019,SK-C43D82D0D2C1,216,2024-06-02 01:04:16,2024-06-02 01:04:16
57562,SK-92D3DED48139,256,2025-09-07 18:11:27,2025-09-07 18:11:27
107534,SK-141355829373,382,2026-03-08 16:13:52,2026-03-08 16:13:52
21973,SK-F021D9B59641,18,2025-03-06 14:08:01,2025-03-06 14:08:01
182629,SK-B228E3FBB5BF,474,2024-12-03 08:39:34,2024-12-03 08:39:34
195257,SK-E20E651745C7,95,2026-04-04 14:19:28,2026-04-04 14:19:28
106536,SK-143812790F9E,302,2025-08-13 00:23:34,2025-08-13 00:23:34
122240,SK-6D4269506533,186,2026-01-03 19:56:23,2026-01-03 19:56:23
157291,SK-93E0892835C7,46,2024-05-31 12:55:30,2024-05-31 12:55:30
174832,SK-7A1282F073BA,31,2025-09-10 07:38:08,2025-09-10 07:38:08
188696,SK-853E73D13B13,75,2024-08-29 15:32:03,2024-08-29 15:32:03
74460,SK-88584E554C75,239,2024-07-15 22:13:50,2024-07-15 22:13:50
15454,SK-44C822BABECD,49,2024-06-12 01:42:16,2024-06-12 01:42:16
171991,SK-495B50BF975F,290,2026-03-17 00:17:23,2026-03-17 00:17:23
167556,SK-2BA9BBCB6DB6,103,2025-08-12 14:56:45,2025-08-12 14:56:45
121010,SK-F84AB60D674D,322,2025-07-09 13:49:51,2025-07-09 13:49:51
107847,SK-652734E8F1DB,385,2024-08-09 03:45:54,2024-08-09 03:45:54
160604,SK-E9D5553DD081,61,2025-11-20 19:01:00,2025-11-20 19:01:00
130995,SK-012425DBCF82,290,2026-02-04 20:36:00,2026-02-04 20:36:00
102250,SK-9A9AB854F76C,214,2024-08-19 03:25:46,2024-08-19 03:25:46
111773,SK-41A4550B7E8E,244,2024-06-19 12:02:31,2024-06-19 12:02:31
124860,SK-62DEAB1F77FC,115,2024-08-27 06:49:54,2024-08-27 06:49:54
111538,SK-D421DAE41563,245,2025-04-10 12:14:57,2025-04-10 12:14:57
25521,SK-3B0D704EBB21,163,2025-05-08 18:42:51,2025-05-08 18:42:51
59106,SK-13D5223AAC83,286,2026-03-02 11:08:27,2026-03-02 11:08:27
77238,SK-A117F1118E61,347,2024-09-22 18:57:25,2024-09-22 18:57:25
166080,SK-4C92D8EE5F03,11,2024-09-27 20:41:43,2024-09-27 20:41:43
68760,SK-E113F6CF4C19,65,2026-03-29 15:28:52,2026-03-29 15:28:52
76821,SK-53C98EF692A3,23,2025-09-26 22:58:22,2025-09-26 22:58:22
129455,SK-AA57912F753C,291,2026-01-18 10:28:27,2026-01-18 10:28:27
13833,SK-D241944E38F4,95,2024-07-30 06:26:48,2024-07-30 06:26:48
54290,SK-959C586237B0,196,2025-09-06 10:41:06,2025-09-06 10:41:06
187914,SK-D315448A5ED8,425,2024-08-08 10:41:27,2024-08-08 10:41:27
119021,SK-D92A1160FE32,144,2025-12-24 21:00:11,2025-12-24 21:00:11
18668,SK-C29629261929,333,2025-10-09 14:57:57,2025-10-09 14:57:57
60681,SK-204CA1189D4B,18,2024-10-13 04:18:09,2024-10-13 04:18:09
51950,SK-33AD637BD82D,428,2026-04-16 09:10:43,2026-04-16 09:10:43
111781,SK-870C0815A150,355,2025-03-28 16:51:06,2025-03-28 16:51:06
88990,SK-E3BFA9EC9D82,497,2024-10-16 01:12:12,2024-10-16 01:12:12
145147,SK-AA1CCDE9E3BE,439,2025-01-31 16:12:04,2025-01-31 16:12:04
195329,SK-AD87929EB2DB,44,2026-01-19 03:18:01,2026-01-19 03:18:01
102948,SK-6EBF78E51005,63,2026-01-02 08:04:58,2026-01-02 08:04:58
126210,SK-3D6889551321,293,2024-08-12 07:34:40,2024-08-12 07:34:40
158090,SK-19E91B5E78F6,53,2024-11-16 08:35:39,2024-11-16 08:35:39
161062,SK-83AF04425D61,172,2025-10-07 22:03:57,2025-10-07 22:03:57
123461,SK-F35EFF234894,64,2025-01-03 21:39:43,2025-01-03 21:39:43
106104,SK-AB588452888F,109,2025-07-13 04:28:18,2025-07-13 04:28:18
75304,SK-DAEA565F1DD1,41,2025-07-10 11:34:14,2025-07-10 11:34:14
187345,SK-CEC6A35A675D,78,2025-12-04 15:19:22,2025-12-04 15:19:22
194950,SK-3CC587FB1D82,488,2025-08-18 05:15:54,2025-08-18 05:15:54
79872,SK-2DE299339930,497,2024-09-01 15:59:23,2024-09-01 15:59:23
63797,SK-8CAD329577F8,411,2024-10-30 05:11:44,2024-10-30 05:11:44
8228,SK-935ED224FC92,373,2025-12-22 10:51:06,2025-12-22 10:51:06
62455,SK-CAD9446E6E1E,59,2025-05-07 08:09:46,2025-05-07 08:09:46
101650,SK-12A36025174D,254,2025-05-18 20:09:01,2025-05-18 20:09:01
180556,SK-23E3643650F5,108,2025-08-22 14:17:50,2025-08-22 14:17:50
125121,SK-D744C0052B88,167,2024-12-08 03:08:58,2024-12-08 03:08:58
36502,SK-470B4253E6AC,95,2024-06-17 16:54:37,2024-06-17 16:54:37
33096,SK-C48B5E5846F9,468,2025-05-02 20:59:53,2025-05-02 20:59:53
138978,SK-42CFC272A5A8,169,2026-03-27 09:18:37,2026-03-27 09:18:37
19255,SK-BE6AC08F8FE9,442,2026-01-17 15:55:30,2026-01-17 15:55:30
183358,SK-CADA248AFDE4,36,2025-09-02 22:16:09,2025-09-02 22:16:09
170407,SK-C703F3AF7EB2,100,2025-04-19 02:14:50,2025-04-19 02:14:50
23412,SK-2313D0887F24,440,2025-05-18 23:59:00,2025-05-18 23:59:00
52200,SK-7903038E0C20,180,2025-03-16 21:28:19,2025-03-16 21:28:19
180700,SK-200DF34B57E2,166,2025-03-07 15:35:46,2025-03-07 15:35:46
88513,SK-C78D27C74F29,480,2025-06-20 22:36:15,2025-06-20 22:36:15
93261,SK-88121AEAEFF8,211,2025-01-20 15:22:40,2025-01-20 15:22:40
114287,SK-9B2199BF86B7,11,2026-01-30 19:21:59,2026-01-30 19:21:59
130160,SK-DF015BB07081,186,2025-08-30 07:43:35,2025-08-30 07:43:35
135069,SK-D4E6D35D6E37,100,2024-10-27 17:10:14,2024-10-27 17:10:14
61098,SK-63C38EB4622B,110,2026-01-19 06:41:20,2026-01-19 06:41:20
144480,SK-1F1C613B69DB,238,2024-10-13 04:53:03,2024-10-13 04:53:03
167122,SK-51553206E597,59,2024-06-28 05:52:57,2024-06-28 05:52:57
27805,SK-1B2306683A89,71,2025-11-29 07:01:50,2025-11-29 07:01:50
107477,SK-27EE532D774C,477,2025-03-07 15:29:23,2025-03-07 15:29:23
66441,SK-F786F4F638AE,354,2025-06-26 02:37:50,2025-06-26 02:37:50
163015,SK-7DD755BEC990,51,2025-06-16 14:54:16,2025-06-16 14:54:16
157302,SK-36A93B5222D2,120,2025-03-17 05:27:19,2025-03-17 05:27:19
2019,SK-B5BE4558240A,396,2026-01-22 10:15:18,2026-01-22 10:15:18
138011,SK-B214441B9CA2,64,2025-02-07 17:06:08,2025-02-07 17:06:08
78636,SK-1B3F05D75682,217,2025-09-25 22:58:34,2025-09-25 22:58:34
113889,SK-D0B57F934CEF,257,2026-05-14 22:27:24,2026-05-14 22:27:24
112862,SK-3DB7AAE7B3E2,404,2025-06-18 04:07:26,2025-06-18 04:07:26
65839,SK-F43ECE2A4734,425,2025-03-15 10:27:57,2025-03-15 10:27:57
67381,SK-2B15B3849337,158,2024-07-11 02:32:27,2024-07-11 02:32:27
37255,SK-2A15EDDC5F37,442,2026-05-08 19:12:26,2026-05-08 19:12:26
135121,SK-32428B963FD6,277,2025-08-15 06:27:52,2025-08-15 06:27:52
155184,SK-57B407289208,215,2024-10-06 22:32:42,2024-10-06 22:32:42
132350,SK-5A0829D0279F,462,2026-01-06 14:45:21,2026-01-06 14:45:21
120587,SK-ED96909138FB,458,2026-03-02 15:48:25,2026-03-02 15:48:25
22701,SK-DF0F5302DCF3,106,2025-03-22 14:55:47,2025-03-22 14:55:47
69617,SK-2018926B16F6,398,2024-08-31 11:08:19,2024-08-31 11:08:19
43792,SK-B88BA2CC4979,146,2024-09-04 00:54:08,2024-09-04 00:54:08
189789,SK-359F04FD8401,248,2024-08-27 05:53:44,2024-08-27 05:53:44
4738,SK-6199D0EDF19B,317,2026-04-18 12:38:50,2026-04-18 12:38:50
61741,SK-59DEBED25B8E,454,2025-10-13 06:42:23,2025-10-13 06:42:23
8364,SK-D37395D21736,259,2024-07-17 02:44:34,2024-07-17 02:44:34
8689,SK-0A0F631C1033,62,2025-08-20 23:39:01,2025-08-20 23:39:01
4751,SK-B31FD0A135EF,230,2026-05-13 00:02:30,2026-05-13 00:02:30
22744,SK-256D92BB279D,123,2026-05-19 04:39:44,2026-05-19 04:39:44
39743,SK-0976A159EF82,391,2026-04-23 12:30:28,2026-04-23 12:30:28
107475,SK-090083D7C7C2,390,2025-08-28 11:03:30,2025-08-28 11:03:30
57550,SK-EA4D30FF5373,426,2025-01-25 12:40:31,2025-01-25 12:40:31
60116,SK-80F54F2F58D8,223,2024-08-11 14:24:43,2024-08-11 14:24:43
161432,SK-90B2F18E833F,436,2024-08-24 00:42:47,2024-08-24 00:42:47
177180,SK-1F2668E7608D,218,2024-07-26 12:52:40,2024-07-26 12:52:40
14404,SK-950D941EC58F,110,2024-07-28 19:48:59,2024-07-28 19:48:59
199222,SK-8C0BF888C46D,132,2024-06-12 00:37:08,2024-06-12 00:37:08
75348,SK-2C8828BD961F,296,2025-04-25 13:54:55,2025-04-25 13:54:55
127405,SK-893CF8B227D7,270,2025-08-06 16:10:55,2025-08-06 16:10:55
125863,SK-E3A95336E55A,222,2025-01-17 08:02:35,2025-01-17 08:02:35
177969,SK-1D56143EA009,194,2025-04-01 12:24:36,2025-04-01 12:24:36
80149,SK-0DB84CC8E56B,242,2025-12-16 16:45:34,2025-12-16 16:45:34
57279,SK-2E53ECD48615,19,2024-12-22 03:18:12,2024-12-22 03:18:12
53417,SK-A62C18301777,51,2024-06-25 05:44:42,2024-06-25 05:44:42
41626,SK-0281699CAAC5,81,2025-08-15 05:29:05,2025-08-15 05:29:05
5569,SK-D4C79894F437,34,2025-02-21 03:43:01,2025-02-21 03:43:01
100432,SK-1154DA2AE8A5,365,2024-09-16 01:00:12,2024-09-16 01:00:12
133163,SK-E5FD7CC87E48,267,2025-08-07 00:10:22,2025-08-07 00:10:22
96917,SK-15AFDD893696,2,2024-12-22 20:36:10,2024-12-22 20:36:10
46959,SK-776B35CA5416,197,2026-01-26 02:16:49,2026-01-26 02:16:49
27907,SK-61968D9401DB,428,2025-02-05 00:05:43,2025-02-05 00:05:43
123175,SK-1345F2793520,393,2025-02-11 14:48:07,2025-02-11 14:48:07
106066,SK-559D41AABBE8,114,2025-08-10 14:08:55,2025-08-10 14:08:55
177368,SK-A839AC2CBF6E,38,2024-12-10 18:50:18,2024-12-10 18:50:18
132212,SK-DE2CBB2B50B9,15,2026-02-13 01:10:22,2026-02-13 01:10:22
83914,SK-D20FF024E604,5,2026-02-21 23:59:09,2026-02-21 23:59:09
136197,SK-7D48FD214DF0,34,2025-05-13 07:27:45,2025-05-13 07:27:45
193108,SK-A4C73355D671,459,2025-10-27 15:08:57,2025-10-27 15:08:57
166706,SK-B462B042FA06,245,2025-03-31 16:01:41,2025-03-31 16:01:41
185388,SK-B8CFA05523C6,173,2025-04-18 08:05:27,2025-04-18 08:05:27
41536,SK-97682D0ACB71,166,2026-02-02 17:46:05,2026-02-02 17:46:05
162570,SK-93B5243E8BE8,465,2025-04-12 07:38:52,2025-04-12 07:38:52
31248,SK-E158CD74ACF8,327,2025-11-11 09:00:21,2025-11-11 09:00:21
140937,SK-BF168C6E3C70,494,2024-07-23 17:48:39,2024-07-23 17:48:39
155648,SK-2BDAFD5BB729,460,2025-01-02 04:22:11,2025-01-02 04:22:11
27599,SK-B2398DA2FED2,311,2026-03-11 01:47:50,2026-03-11 01:47:50
195366,SK-7A052C93161D,449,2024-09-15 18:28:13,2024-09-15 18:28:13
154868,SK-F5912826F0D8,1,2025-06-30 00:38:03,2025-06-30 00:38:03
177759,SK-74E31027B14B,194,2024-08-22 07:39:41,2024-08-22 07:39:41
87233,SK-BE44F9663321,105,2024-10-08 09:25:22,2024-10-08 09:25:22
119614,SK-4A88D03A986E,285,2024-10-05 06:40:26,2024-10-05 06:40:26
3156,SK-3E93536C571B,11,2025-10-01 18:35:56,2025-10-01 18:35:56
128723,SK-37661CA14BB4,439,2025-06-04 20:00:52,2025-06-04 20:00:52
100643,SK-E7C575591634,74,2025-04-12 01:05:01,2025-04-12 01:05:01
10194,SK-4540C689DEE2,20,2026-03-12 12:07:48,2026-03-12 12:07:48
47913,SK-60CCBEB1524F,438,2025-05-02 13:07:09,2025-05-02 13:07:09
181017,SK-75F91BA3C989,6,2024-11-30 02:54:47,2024-11-30 02:54:47
13923,SK-18F7FB48F5E0,366,2026-04-30 07:35:27,2026-04-30 07:35:27
87146,SK-09E7F579A121,330,2025-10-18 22:34:41,2025-10-18 22:34:41
152885,SK-60105DFEB484,157,2025-12-29 23:55:13,2025-12-29 23:55:13
156429,SK-202C822F1A06,461,2025-11-11 06:18:32,2025-11-11 06:18:32
105506,SK-650260B448A4,394,2026-01-11 11:04:05,2026-01-11 11:04:05
31623,SK-32BF1F32C73D,375,2024-09-30 07:28:40,2024-09-30 07:28:40
1289,SK-3286A1F8597B,182,2025-08-02 01:51:41,2025-08-02 01:51:41
170777,SK-72240FF3C445,262,2025-01-18 06:50:20,2025-01-18 06:50:20
139391,SK-F3AD9067C42F,301,2025-05-30 23:08:00,2025-05-30 23:08:00
49932,SK-CAB2F5F36371,206,2025-04-14 02:00:47,2025-04-14 02:00:47
181319,SK-7C7BDF544A65,362,2025-05-20 10:07:55,2025-05-20 10:07:55
2165,SK-F2C2C19C93A3,197,2024-06-30 22:11:14,2024-06-30 22:11:14
114560,SK-46D27313B84A,244,2025-11-27 18:43:59,2025-11-27 18:43:59
77616,SK-A0DE3100D9A4,23,2025-04-22 14:42:13,2025-04-22 14:42:13
121823,SK-992FC86DE0DA,164,2024-10-17 15:55:06,2024-10-17 15:55:06
128640,SK-FCFFA1BEF404,128,2024-05-29 11:41:52,2024-05-29 11:41:52
71878,SK-BE3EBAE134A2,102,2025-05-11 14:30:44,2025-05-11 14:30:44
133824,SK-DEBFB273AE7A,372,2025-06-01 14:03:47,2025-06-01 14:03:47
14260,SK-B7F646261DF0,337,2025-02-22 23:28:08,2025-02-22 23:28:08
162168,SK-CEF0DB40B9C9,62,2025-08-20 21:50:32,2025-08-20 21:50:32
182538,SK-EE5891C81FFF,1,2025-09-12 21:32:38,2025-09-12 21:32:38
193037,SK-35BABFB32CC7,399,2026-05-05 21:56:47,2026-05-05 21:56:47
63188,SK-B6584291EE93,351,2025-07-23 08:27:08,2025-07-23 08:27:08
14418,SK-970BFFB0DDA3,132,2026-05-24 09:22:39,2026-05-24 09:22:39
161992,SK-37F0C2317011,242,2025-01-19 05:35:19,2025-01-19 05:35:19
134065,SK-EC5EF0D8D51E,280,2025-01-15 13:30:07,2025-01-15 13:30:07
41337,SK-7A5A388C4C4B,230,2024-06-25 14:55:03,2024-06-25 14:55:03
124852,SK-56A0749E6598,451,2026-04-27 07:34:22,2026-04-27 07:34:22
52698,SK-B93FE935C8A4,473,2025-02-21 04:38:36,2025-02-21 04:38:36
173006,SK-859D4C47DC99,443,2024-10-03 14:16:55,2024-10-03 14:16:55
190019,SK-7926D6321FA6,321,2026-01-02 04:39:04,2026-01-02 04:39:04
3877,SK-FAB2F8DC5121,85,2026-04-27 18:14:46,2026-04-27 18:14:46
74283,SK-0B2416E56EE3,302,2025-11-13 11:05:19,2025-11-13 11:05:19
91978,SK-B9AAD6E3642D,67,2024-08-03 23:20:06,2024-08-03 23:20:06
93134,SK-F0B916F26809,309,2025-06-18 21:46:35,2025-06-18 21:46:35
70867,SK-901FAEF95714,353,2024-08-14 22:29:28,2024-08-14 22:29:28
115323,SK-3EBD063DD826,155,2024-10-16 22:28:26,2024-10-16 22:28:26
148600,SK-171FA5A8EE81,211,2025-02-09 06:54:15,2025-02-09 06:54:15
112652,SK-85E9B1E34FB0,491,2025-03-30 15:11:14,2025-03-30 15:11:14
181529,SK-5DDEAD91A8D3,472,2026-02-22 18:15:48,2026-02-22 18:15:48
188675,SK-4A3EDF246B31,237,2026-05-03 10:45:02,2026-05-03 10:45:02
56352,SK-329A0C624E36,223,2025-04-18 19:47:29,2025-04-18 19:47:29
41123,SK-780ABB8A3089,429,2025-10-19 12:45:05,2025-10-19 12:45:05
38576,SK-9510DB212C4B,277,2024-10-18 18:09:20,2024-10-18 18:09:20
105806,SK-D429497AE49F,132,2026-02-08 10:32:06,2026-02-08 10:32:06
118440,SK-605461D418C9,54,2025-02-28 20:45:56,2025-02-28 20:45:56
120991,SK-B48B3F90BEEE,172,2025-12-29 09:37:23,2025-12-29 09:37:23
5977,SK-32AEF23BA975,122,2025-10-07 17:24:44,2025-10-07 17:24:44
106878,SK-58EE0917C761,70,2025-01-23 15:44:16,2025-01-23 15:44:16
182516,SK-CE84B60DE119,203,2025-11-14 15:34:06,2025-11-14 15:34:06
163511,SK-37931CA75D95,331,2024-07-17 15:53:16,2024-07-17 15:53:16
143719,SK-D1A60BDAA63F,39,2026-03-04 13:25:28,2026-03-04 13:25:28
22136,SK-FF359E2ACE0E,91,2025-01-13 22:43:47,2025-01-13 22:43:47
157970,SK-2BA1869117AC,407,2025-07-17 17:41:51,2025-07-17 17:41:51
157649,SK-E3E7194E5583,251,2024-10-24 15:42:20,2024-10-24 15:42:20
109840,SK-35D2956E3C1A,210,2024-10-07 02:54:41,2024-10-07 02:54:41
61448,SK-A548766E3545,258,2025-03-05 09:40:11,2025-03-05 09:40:11
159178,SK-711DD7497AD7,366,2026-01-17 22:59:37,2026-01-17 22:59:37
169293,SK-51B9A704B394,397,2024-09-08 03:47:58,2024-09-08 03:47:58
82767,SK-75106F2FF328,396,2024-10-18 10:32:10,2024-10-18 10:32:10
155220,SK-75CC5DDE995F,33,2024-08-08 22:10:58,2024-08-08 22:10:58
135645,SK-1CE6E17D7034,330,2024-10-13 16:18:06,2024-10-13 16:18:06
185850,SK-5E4466E743C3,173,2025-06-03 08:59:08,2025-06-03 08:59:08
29021,SK-56611315CAD7,62,2024-09-11 18:39:21,2024-09-11 18:39:21
127245,SK-7161C3E89BE4,470,2024-07-04 07:55:58,2024-07-04 07:55:58
28150,SK-BCD977811D65,63,2026-01-02 23:01:04,2026-01-02 23:01:04
77123,SK-D936915B1278,484,2025-01-26 16:31:59,2025-01-26 16:31:59
1941,SK-828EC80E24B5,265,2025-02-14 22:40:48,2025-02-14 22:40:48
144399,SK-7E95194C2A9E,234,2025-03-04 09:19:05,2025-03-04 09:19:05
14346,SK-D75636792BCB,222,2025-07-07 07:39:57,2025-07-07 07:39:57
160063,SK-3AC6B43DD93E,123,2025-09-19 16:52:01,2025-09-19 16:52:01
146075,SK-00852DE3BAD0,306,2025-05-10 09:38:36,2025-05-10 09:38:36
139509,SK-DF2A4B17DDA6,170,2024-10-22 06:19:23,2024-10-22 06:19:23
55893,SK-3C00D919EDBE,169,2024-05-31 06:13:35,2024-05-31 06:13:35
985,SK-0EE879C86B42,448,2025-08-19 15:33:30,2025-08-19 15:33:30
150660,SK-679D881B2800,225,2025-04-05 14:05:23,2025-04-05 14:05:23
169330,SK-6A5646361EB5,248,2025-01-19 20:59:02,2025-01-19 20:59:02
79123,SK-8F47CD9B7E3A,490,2024-09-30 09:39:06,2024-09-30 09:39:06
162249,SK-1B6811DC0EFE,55,2026-05-21 07:40:42,2026-05-21 07:40:42
152328,SK-D3F3EE19A85E,194,2025-06-17 18:38:42,2025-06-17 18:38:42
37435,SK-73AF02ECFB72,176,2024-11-07 12:21:52,2024-11-07 12:21:52
34196,SK-D7E23BF8F3D7,448,2026-01-28 17:09:06,2026-01-28 17:09:06
126259,SK-C0EEC40BDF74,31,2025-05-20 00:27:22,2025-05-20 00:27:22
41665,SK-EC73399CD72F,195,2024-11-22 05:22:46,2024-11-22 05:22:46
63063,SK-ABD2EC87268A,168,2025-05-23 08:26:01,2025-05-23 08:26:01
36260,SK-407FB762F90F,488,2025-05-10 05:53:06,2025-05-10 05:53:06
128544,SK-A089A1EA305C,55,2024-06-24 23:55:52,2024-06-24 23:55:52
103873,SK-9CD5609AA77C,125,2026-04-08 16:26:39,2026-04-08 16:26:39
143732,SK-7B6367C93547,460,2024-08-10 15:18:08,2024-08-10 15:18:08
123407,SK-1E64BA45931A,314,2025-09-26 21:12:04,2025-09-26 21:12:04
36928,SK-1B628570F617,462,2024-10-18 22:05:02,2024-10-18 22:05:02
101795,SK-1E4819DBDF00,17,2025-06-20 15:02:58,2025-06-20 15:02:58
11359,SK-753F460D5E43,307,2026-05-14 20:48:35,2026-05-14 20:48:35
151431,SK-F98FD6FD159D,236,2026-01-24 20:13:33,2026-01-24 20:13:33
17382,SK-C8A5C03E19FD,255,2025-10-20 10:41:44,2025-10-20 10:41:44
63581,SK-BB535D874041,243,2025-04-27 17:40:30,2025-04-27 17:40:30
42891,SK-BAC1AA8F45E3,187,2025-08-31 00:32:33,2025-08-31 00:32:33
149771,SK-BA280D8FB1C5,351,2026-01-20 07:32:12,2026-01-20 07:32:12
191179,SK-118905190ABE,334,2025-11-15 18:16:40,2025-11-15 18:16:40
30079,SK-87B4741C6315,143,2025-05-14 03:22:33,2025-05-14 03:22:33
28541,SK-9AEF4A0AA56F,50,2026-01-30 13:40:47,2026-01-30 13:40:47
67829,SK-74D857F0E3C3,352,2025-11-01 12:43:09,2025-11-01 12:43:09
188456,SK-974D06E81DEE,306,2025-03-09 19:42:01,2025-03-09 19:42:01
144579,SK-1455FE89C619,38,2025-10-03 18:41:53,2025-10-03 18:41:53
64655,SK-7610953A0295,143,2025-04-02 18:23:43,2025-04-02 18:23:43
167552,SK-FA3759B74D6C,498,2025-04-15 07:33:16,2025-04-15 07:33:16
94269,SK-79D15A845EA6,305,2026-03-13 10:44:00,2026-03-13 10:44:00
122351,SK-17C50F1F80FC,232,2024-10-11 18:57:39,2024-10-11 18:57:39
120415,SK-31F7107C8716,181,2025-04-26 07:52:23,2025-04-26 07:52:23
124689,SK-B7FA37009EE8,38,2025-11-10 12:55:50,2025-11-10 12:55:50
113031,SK-6DAF4858EC17,343,2026-01-10 14:23:56,2026-01-10 14:23:56
54840,SK-95DCAAA59E92,24,2025-05-01 19:01:58,2025-05-01 19:01:58
96332,SK-8F9C13FC9A1B,53,2025-07-02 05:56:31,2025-07-02 05:56:31
1495,SK-2771BFF3234E,444,2026-01-30 08:00:11,2026-01-30 08:00:11
43471,SK-34CCC0029667,9,2026-03-23 04:00:35,2026-03-23 04:00:35
196114,SK-AA63E6FCE8D4,344,2024-09-01 23:55:17,2024-09-01 23:55:17
164317,SK-2CC2333D1BCC,255,2026-04-28 03:32:14,2026-04-28 03:32:14
138416,SK-66A26498F12E,46,2024-06-11 18:43:21,2024-06-11 18:43:21
41569,SK-EC53E2035BD7,407,2024-08-03 14:33:06,2024-08-03 14:33:06
59838,SK-94A33F7B242F,105,2025-10-03 07:42:30,2025-10-03 07:42:30
24398,SK-9978DA72EC68,425,2025-08-21 18:26:27,2025-08-21 18:26:27
90730,SK-062FCCD34A8D,424,2024-11-07 08:16:00,2024-11-07 08:16:00
8314,SK-B4E1A6BB0AF8,222,2024-12-14 15:49:11,2024-12-14 15:49:11
48714,SK-497BD8F67862,69,2025-05-08 07:44:00,2025-05-08 07:44:00
34676,SK-F45F2AAF7337,216,2026-03-29 18:44:05,2026-03-29 18:44:05
176102,SK-4AFE49F1D8B7,266,2025-11-26 08:35:28,2025-11-26 08:35:28
67583,SK-F301DCAF0E31,353,2025-06-24 03:30:00,2025-06-24 03:30:00
99009,SK-85728204076E,404,2025-07-29 10:29:41,2025-07-29 10:29:41
40188,SK-F59A48A7C201,48,2025-05-13 12:32:53,2025-05-13 12:32:53
143900,SK-4E4FC0BD32AF,229,2025-07-29 14:18:27,2025-07-29 14:18:27
27462,SK-A057838C9BBB,401,2026-01-06 09:40:32,2026-01-06 09:40:32
162519,SK-5A4F27FCFD45,489,2024-05-28 06:56:08,2024-05-28 06:56:08
140751,SK-C74435F019F2,314,2025-10-24 06:16:24,2025-10-24 06:16:24
56773,SK-4E558B4E732F,204,2026-02-02 12:11:36,2026-02-02 12:11:36
36192,SK-7AB05AD34B4A,476,2025-02-14 10:28:56,2025-02-14 10:28:56
119082,SK-32C39722DEAA,381,2025-01-07 18:48:12,2025-01-07 18:48:12
100966,SK-23803CBCC8D4,458,2026-05-27 20:09:47,2026-05-27 20:09:47
95742,SK-3A81D8D1DA0A,496,2024-07-27 12:09:58,2024-07-27 12:09:58
175184,SK-35EB8EC1F5C9,482,2025-10-13 23:12:33,2025-10-13 23:12:33
112920,SK-F3072907AC3A,379,2025-03-01 05:34:21,2025-03-01 05:34:21
108521,SK-E7D2AAFF024C,190,2025-06-05 07:49:43,2025-06-05 07:49:43
111908,SK-2BC67F54C10E,447,2025-05-04 01:27:55,2025-05-04 01:27:55
70517,SK-29C72D631DD5,362,2024-11-30 18:55:23,2024-11-30 18:55:23
48193,SK-1402CD1B1B44,141,2024-11-28 20:54:47,2024-11-28 20:54:47
171966,SK-F1871ED36327,290,2025-01-25 10:24:53,2025-01-25 10:24:53
194234,SK-ADA86C7E6DEF,345,2026-05-15 04:00:06,2026-05-15 04:00:06
86058,SK-3B502511D178,53,2025-06-16 21:49:51,2025-06-16 21:49:51
192823,SK-C1245B4E0975,296,2026-05-04 17:45:58,2026-05-04 17:45:58
48676,SK-8E265208FC41,248,2026-03-10 21:50:23,2026-03-10 21:50:23
157721,SK-9B71C7437E4F,255,2026-03-30 14:33:05,2026-03-30 14:33:05
140528,SK-D8F3E13E2399,192,2025-02-14 05:08:38,2025-02-14 05:08:38
164193,SK-962548C4E69F,132,2024-11-29 15:07:11,2024-11-29 15:07:11
141828,SK-112135F9A673,409,2026-04-01 03:30:16,2026-04-01 03:30:16
69601,SK-A1372119F8EE,492,2025-12-03 07:47:45,2025-12-03 07:47:45
190404,SK-6F51864049CB,430,2025-10-25 10:06:01,2025-10-25 10:06:01
34325,SK-D6D63936F5C1,252,2025-01-16 14:59:05,2025-01-16 14:59:05
189869,SK-D872E344C681,43,2025-07-02 23:43:23,2025-07-02 23:43:23
6402,SK-42574D3F205E,489,2024-08-06 11:09:34,2024-08-06 11:09:34
125378,SK-2CA0CEE5FF3A,379,2024-09-22 05:19:37,2024-09-22 05:19:37
164091,SK-D3884B13C56E,23,2025-04-02 21:16:36,2025-04-02 21:16:36
32780,SK-8AEC8A109D76,351,2025-04-26 18:23:52,2025-04-26 18:23:52
140481,SK-1FCBC2E4534C,210,2024-09-30 16:54:45,2024-09-30 16:54:45
100516,SK-36DB7B10EBAB,498,2025-10-05 16:05:56,2025-10-05 16:05:56
171118,SK-A5AF0C669F8E,135,2024-07-18 13:29:14,2024-07-18 13:29:14
81965,SK-65CE0EE0A7B8,385,2024-06-08 03:36:08,2024-06-08 03:36:08
33098,SK-D2D62654D93B,246,2024-12-07 13:06:39,2024-12-07 13:06:39
127214,SK-1BB34C0F1382,375,2025-02-07 04:21:18,2025-02-07 04:21:18
22917,SK-388657E84959,288,2025-06-03 23:05:51,2025-06-03 23:05:51
37296,SK-8DFC2BB0330C,95,2025-05-18 00:36:41,2025-05-18 00:36:41
108361,SK-3CBBA226DD8A,467,2026-05-26 06:26:44,2026-05-26 06:26:44
121127,SK-F047B2962F0C,114,2025-07-14 07:02:45,2025-07-14 07:02:45
70766,SK-1D2EE7E242B5,310,2024-06-04 00:14:24,2024-06-04 00:14:24
102720,SK-03BF7EB35397,178,2025-01-14 18:15:54,2025-01-14 18:15:54
26606,SK-04B81C26AF4C,493,2025-03-06 14:57:16,2025-03-06 14:57:16
184524,SK-A46BBDB51979,498,2025-08-18 14:56:01,2025-08-18 14:56:01
160318,SK-709A7E45053A,208,2024-07-19 04:54:23,2024-07-19 04:54:23
62873,SK-9E24955AD3AE,470,2024-10-02 03:56:08,2024-10-02 03:56:08
4997,SK-B9560872DBD2,293,2024-10-09 02:21:01,2024-10-09 02:21:01
84815,SK-3A0F15480E9B,337,2025-03-28 18:59:09,2025-03-28 18:59:09
41214,SK-07EF91F3B4E5,494,2024-10-18 21:42:58,2024-10-18 21:42:58
59926,SK-7F4BD3FD062A,375,2024-10-05 17:46:25,2024-10-05 17:46:25
171711,SK-152F919C6AE6,492,2024-11-14 15:32:37,2024-11-14 15:32:37
69025,SK-000F143CC225,70,2024-10-03 07:45:09,2024-10-03 07:45:09
166911,SK-AFC85D8E59B4,101,2025-01-10 17:37:14,2025-01-10 17:37:14
161334,SK-DE111E4D3CA6,482,2024-11-17 02:29:15,2024-11-17 02:29:15
38012,SK-21056E1E669B,66,2026-02-16 11:49:49,2026-02-16 11:49:49
183764,SK-CE9F2692A00D,455,2025-03-13 16:17:40,2025-03-13 16:17:40
75076,SK-ADD871CD1CFE,100,2024-09-29 09:43:56,2024-09-29 09:43:56
175339,SK-D7084299D6F5,92,2025-06-14 20:19:03,2025-06-14 20:19:03
178108,SK-BA16E2C53BB7,310,2025-03-07 20:22:22,2025-03-07 20:22:22
112568,SK-BA429A7F1350,433,2025-09-30 09:03:05,2025-09-30 09:03:05
46498,SK-79817EE6347C,232,2026-05-04 20:57:53,2026-05-04 20:57:53
129909,SK-3E90F7C31549,105,2025-09-17 21:10:06,2025-09-17 21:10:06
199346,SK-D5378895D429,81,2024-12-16 08:38:43,2024-12-16 08:38:43
78681,SK-1DE69E1D06E8,452,2025-07-03 12:29:23,2025-07-03 12:29:23
17552,SK-802962AF4EEE,273,2026-03-06 10:53:07,2026-03-06 10:53:07
47761,SK-60EC75EA11CB,108,2025-01-18 10:23:20,2025-01-18 10:23:20
50535,SK-550AC3D55F10,104,2025-06-09 04:12:30,2025-06-09 04:12:30
168,SK-B8DB588FEC8C,430,2026-03-27 03:09:16,2026-03-27 03:09:16
87365,SK-50DCF7FAC59D,47,2026-04-21 22:55:26,2026-04-21 22:55:26
112975,SK-C46E0456C2A8,151,2025-01-31 00:44:15,2025-01-31 00:44:15
81294,SK-EC4F02634407,133,2025-07-27 20:15:41,2025-07-27 20:15:41
152222,SK-15D59599E2DC,193,2025-04-19 02:42:02,2025-04-19 02:42:02
103406,SK-978E43917498,231,2026-01-28 09:14:55,2026-01-28 09:14:55
2204,SK-DFBF4CCE7D04,200,2025-03-10 00:13:56,2025-03-10 00:13:56
160585,SK-5230B32BEAEC,404,2024-06-21 02:49:31,2024-06-21 02:49:31
54929,SK-B444C45FE6A9,441,2025-04-28 23:00:09,2025-04-28 23:00:09
175961,SK-9FDE96A2A83E,79,2025-01-29 07:08:09,2025-01-29 07:08:09
134126,SK-8AD1064CF58D,62,2025-11-03 17:23:06,2025-11-03 17:23:06
86049,SK-D446E64FF6B0,221,2026-05-03 06:54:57,2026-05-03 06:54:57
137605,SK-95C7A048FE64,122,2026-04-07 08:20:03,2026-04-07 08:20:03
42304,SK-1C2FA537A3A4,440,2025-08-06 13:10:16,2025-08-06 13:10:16
17146,SK-7729BBF615E3,13,2025-04-20 05:28:59,2025-04-20 05:28:59
42896,SK-A0404A82B3C0,230,2025-03-04 10:23:07,2025-03-04 10:23:07
20314,SK-5CE4F563C9DD,201,2025-06-20 22:50:37,2025-06-20 22:50:37
98678,SK-A4C43ECF9327,475,2025-09-27 03:04:20,2025-09-27 03:04:20
75829,SK-50AB66A6B418,132,2025-09-19 23:45:01,2025-09-19 23:45:01
173485,SK-E2B6B897AF16,71,2026-05-19 00:20:34,2026-05-19 00:20:34
25657,SK-68A7D3B9F1F3,278,2025-11-28 18:35:33,2025-11-28 18:35:33
162496,SK-C99641E97D23,15,2025-12-30 00:37:53,2025-12-30 00:37:53
73828,SK-45D0CF085F42,464,2025-06-02 22:37:25,2025-06-02 22:37:25
155065,SK-5096E23EB135,462,2026-03-03 07:00:32,2026-03-03 07:00:32
