id_posyandu,nama_posyandu,id_lokasi,id_bidan,created_at,updated_at
1,Posyandu Hic 39,164,20627,2025-10-27 13:03:38,2025-10-27 13:03:38
2,Posyandu Necessitatibus 60,109,122102,2026-04-23 04:16:01,2026-04-23 04:16:01
3,Posyandu Similique 11,31,100005,2024-08-13 23:46:14,2024-08-13 23:46:14
4,Posyandu Ratione 98,112,150051,2024-08-20 09:56:02,2024-08-20 09:56:02
5,Posyandu Sint 55,177,94951,2026-03-31 23:56:27,2026-03-31 23:56:27
6,Posyandu Aperiam 40,50,119364,2025-12-22 12:39:30,2025-12-22 12:39:30
7,Posyandu Qui 74,138,82034,2024-02-21 05:03:56,2024-02-21 05:03:56
8,Posyandu Fuga 22,191,17378,2023-10-18 17:52:40,2023-10-18 17:52:40
9,Posyandu Officia 12,6,72912,2024-08-15 13:25:15,2024-08-15 13:25:15
10,Posyandu Ex 78,170,115285,2026-04-04 03:52:45,2026-04-04 03:52:45
11,Posyandu Soluta 20,69,32377,2026-02-02 09:48:41,2026-02-02 09:48:41
12,Posyandu Deserunt 53,182,3015,2025-12-30 14:31:39,2025-12-30 14:31:39
13,Posyandu In 64,185,120627,2024-10-15 10:22:00,2024-10-15 10:22:00
14,Posyandu Hic 71,95,20308,2024-10-11 07:46:59,2024-10-11 07:46:59
15,Posyandu Distinctio 34,30,56191,2025-05-17 13:31:41,2025-05-17 13:31:41
16,Posyandu Facere 55,16,70657,2026-03-09 02:32:42,2026-03-09 02:32:42
17,Posyandu Ullam 36,14,96672,2024-02-29 18:44:47,2024-02-29 18:44:47
18,Posyandu Reprehenderit 65,23,134410,2025-03-03 18:49:55,2025-03-03 18:49:55
19,Posyandu Dolor 24,83,35331,2026-05-27 03:18:56,2026-05-27 03:18:56
20,Posyandu Sit 27,44,52804,2023-06-22 06:43:36,2023-06-22 06:43:36
21,Posyandu Repudiandae 39,17,27187,2026-02-02 01:15:23,2026-02-02 01:15:23
22,Posyandu Id 69,44,47758,2024-03-15 16:03:05,2024-03-15 16:03:05
23,Posyandu Voluptatem 24,151,57048,2024-06-09 15:36:24,2024-06-09 15:36:24
24,Posyandu Molestiae 23,81,13074,2025-01-23 14:34:13,2025-01-23 14:34:13
25,Posyandu Expedita 30,185,93491,2025-04-24 23:57:09,2025-04-24 23:57:09
26,Posyandu Tempora 12,122,180709,2023-07-12 21:09:00,2023-07-12 21:09:00
27,Posyandu Reiciendis 22,202,119559,2025-03-12 03:22:31,2025-03-12 03:22:31
28,Posyandu Dolorum 51,37,105794,2025-05-06 07:15:40,2025-05-06 07:15:40
29,Posyandu Blanditiis 44,33,192069,2024-09-08 10:48:14,2024-09-08 10:48:14
30,Posyandu Repellat 40,181,4429,2025-09-03 10:23:16,2025-09-03 10:23:16
31,Posyandu Dolores 82,229,37168,2025-05-21 19:21:29,2025-05-21 19:21:29
32,Posyandu Quisquam 43,210,154123,2023-08-23 05:21:57,2023-08-23 05:21:57
33,Posyandu Quidem 94,139,4150,2025-05-31 03:40:47,2025-05-31 03:40:47
34,Posyandu Inventore 24,65,155405,2024-03-01 10:56:06,2024-03-01 10:56:06
35,Posyandu Perspiciatis 55,190,37168,2025-02-27 20:29:33,2025-02-27 20:29:33
36,Posyandu Voluptate 59,101,70336,2026-04-18 18:36:16,2026-04-18 18:36:16
37,Posyandu Adipisci 93,109,93818,2025-05-25 23:25:57,2025-05-25 23:25:57
38,Posyandu Occaecati 1,89,181782,2024-11-30 00:32:45,2024-11-30 00:32:45
39,Posyandu Nisi 27,65,169938,2024-07-12 09:51:35,2024-07-12 09:51:35
40,Posyandu Dolorem 61,46,63457,2023-06-14 07:03:35,2023-06-14 07:03:35
41,Posyandu Animi 80,207,135870,2024-03-10 02:50:21,2024-03-10 02:50:21
42,Posyandu Hic 46,118,32063,2026-01-24 02:08:46,2026-01-24 02:08:46
43,Posyandu Laborum 79,8,105794,2026-04-24 22:25:59,2026-04-24 22:25:59
44,Posyandu Quasi 23,181,94951,2024-09-11 07:53:42,2024-09-11 07:53:42
45,Posyandu Porro 35,128,83253,2023-11-11 13:43:18,2023-11-11 13:43:18
46,Posyandu Quisquam 40,99,145759,2023-11-25 00:13:48,2023-11-25 00:13:48
47,Posyandu Est 97,69,182281,2025-02-11 04:05:45,2025-02-11 04:05:45
48,Posyandu Laboriosam 46,163,46500,2025-12-29 00:21:31,2025-12-29 00:21:31
49,Posyandu Vero 73,183,38318,2023-12-23 10:28:45,2023-12-23 10:28:45
50,Posyandu Adipisci 79,38,59649,2025-08-22 12:27:46,2025-08-22 12:27:46
51,Posyandu Dolor 84,33,29210,2024-09-04 20:38:49,2024-09-04 20:38:49
52,Posyandu Commodi 70,25,11850,2025-02-15 13:20:18,2025-02-15 13:20:18
53,Posyandu Soluta 25,187,97087,2025-12-30 10:41:12,2025-12-30 10:41:12
54,Posyandu Qui 17,4,130223,2025-05-01 02:25:54,2025-05-01 02:25:54
55,Posyandu Rem 4,95,10123,2026-03-21 11:18:37,2026-03-21 11:18:37
56,Posyandu Error 91,67,161352,2025-04-04 02:32:22,2025-04-04 02:32:22
57,Posyandu Molestiae 58,159,99140,2024-08-14 23:12:21,2024-08-14 23:12:21
58,Posyandu Id 82,105,9747,2025-01-28 13:41:54,2025-01-28 13:41:54
59,Posyandu Repellendus 60,31,86361,2025-10-13 07:31:11,2025-10-13 07:31:11
60,Posyandu Occaecati 70,214,50575,2023-07-01 16:18:24,2023-07-01 16:18:24
61,Posyandu Repellendus 53,62,32562,2025-11-09 23:14:38,2025-11-09 23:14:38
62,Posyandu Minima 17,43,80056,2024-01-12 00:52:10,2024-01-12 00:52:10
63,Posyandu Illo 65,12,140961,2024-04-13 23:22:52,2024-04-13 23:22:52
64,Posyandu Temporibus 51,88,85629,2025-08-16 15:12:37,2025-08-16 15:12:37
65,Posyandu Debitis 65,175,142000,2025-10-28 02:14:31,2025-10-28 02:14:31
66,Posyandu Suscipit 81,14,127603,2026-01-24 18:54:44,2026-01-24 18:54:44
67,Posyandu Laboriosam 99,189,87224,2024-10-07 13:56:17,2024-10-07 13:56:17
68,Posyandu Ipsum 93,120,173175,2024-03-14 14:30:30,2024-03-14 14:30:30
69,Posyandu Sint 87,153,127568,2025-02-07 17:32:35,2025-02-07 17:32:35
70,Posyandu Dolores 99,82,28735,2025-07-01 12:05:28,2025-07-01 12:05:28
71,Posyandu Ab 99,213,66197,2025-02-07 15:57:56,2025-02-07 15:57:56
72,Posyandu Ipsam 38,73,22569,2023-06-21 22:17:58,2023-06-21 22:17:58
73,Posyandu Sit 55,200,53929,2025-02-28 11:41:59,2025-02-28 11:41:59
74,Posyandu Culpa 9,162,92865,2023-10-23 14:37:54,2023-10-23 14:37:54
75,Posyandu Eveniet 55,223,67681,2024-01-03 16:08:10,2024-01-03 16:08:10
76,Posyandu Illo 75,58,109334,2024-11-07 07:55:53,2024-11-07 07:55:53
77,Posyandu Deserunt 63,43,177438,2023-10-27 15:41:10,2023-10-27 15:41:10
78,Posyandu Voluptate 21,30,154123,2025-09-16 08:44:07,2025-09-16 08:44:07
79,Posyandu Deleniti 7,145,141223,2024-09-15 21:14:26,2024-09-15 21:14:26
80,Posyandu Mollitia 98,89,119559,2023-08-14 03:46:10,2023-08-14 03:46:10
81,Posyandu Quas 60,19,170424,2026-04-18 16:47:06,2026-04-18 16:47:06
82,Posyandu Ea 36,31,87224,2024-12-31 13:44:18,2024-12-31 13:44:18
83,Posyandu Suscipit 57,214,19903,2024-01-04 23:57:42,2024-01-04 23:57:42
84,Posyandu Error 23,165,42474,2025-10-12 22:04:41,2025-10-12 22:04:41
85,Posyandu Vero 88,195,146947,2023-06-14 11:07:03,2023-06-14 11:07:03
86,Posyandu Ratione 34,88,143886,2024-10-01 06:47:16,2024-10-01 06:47:16
87,Posyandu Velit 2,143,60831,2025-01-24 04:58:51,2025-01-24 04:58:51
88,Posyandu Saepe 22,151,138535,2023-11-24 20:31:51,2023-11-24 20:31:51
89,Posyandu Soluta 58,88,159512,2023-08-14 11:30:42,2023-08-14 11:30:42
90,Posyandu Dolore 48,107,166134,2024-11-24 00:33:04,2024-11-24 00:33:04
91,Posyandu At 8,56,116383,2025-07-25 21:07:37,2025-07-25 21:07:37
92,Posyandu Iste 70,46,146945,2023-10-28 22:29:11,2023-10-28 22:29:11
93,Posyandu A 36,80,137853,2026-04-21 11:26:05,2026-04-21 11:26:05
94,Posyandu Et 25,187,59517,2025-08-08 19:25:35,2025-08-08 19:25:35
95,Posyandu Facere 30,168,29640,2025-06-18 20:01:59,2025-06-18 20:01:59
96,Posyandu Veniam 70,36,42603,2024-06-13 18:03:40,2024-06-13 18:03:40
97,Posyandu Veniam 64,147,138655,2023-12-26 13:58:21,2023-12-26 13:58:21
98,Posyandu Repellat 72,76,45101,2024-08-31 01:31:03,2024-08-31 01:31:03
99,Posyandu Laboriosam 2,112,113494,2024-06-14 20:15:10,2024-06-14 20:15:10
100,Posyandu Corporis 34,182,13074,2025-05-30 23:27:33,2025-05-30 23:27:33
101,Posyandu Tenetur 78,198,116347,2023-10-10 02:10:46,2023-10-10 02:10:46
102,Posyandu At 59,12,68963,2024-02-16 13:13:14,2024-02-16 13:13:14
103,Posyandu Consequuntur 76,103,67130,2024-05-01 15:35:48,2024-05-01 15:35:48
104,Posyandu Ipsam 24,169,133152,2026-01-18 19:31:49,2026-01-18 19:31:49
105,Posyandu Illum 47,25,143886,2025-06-21 20:59:32,2025-06-21 20:59:32
106,Posyandu Quisquam 24,19,161352,2026-03-26 02:17:38,2026-03-26 02:17:38
107,Posyandu Culpa 29,176,153049,2024-03-31 21:59:31,2024-03-31 21:59:31
108,Posyandu Velit 64,44,10123,2024-12-24 10:05:45,2024-12-24 10:05:45
109,Posyandu Maiores 43,189,186529,2026-03-09 17:23:53,2026-03-09 17:23:53
110,Posyandu Provident 97,81,116875,2024-06-11 03:38:07,2024-06-11 03:38:07
111,Posyandu Temporibus 39,177,72912,2026-02-06 11:00:26,2026-02-06 11:00:26
112,Posyandu Id 11,86,104620,2025-11-17 01:04:31,2025-11-17 01:04:31
113,Posyandu Culpa 70,162,180029,2025-07-09 16:51:57,2025-07-09 16:51:57
114,Posyandu Amet 47,56,37919,2026-04-09 17:44:21,2026-04-09 17:44:21
115,Posyandu Maiores 80,187,103171,2024-09-02 22:57:41,2024-09-02 22:57:41
116,Posyandu Libero 70,157,29210,2024-01-19 09:17:26,2024-01-19 09:17:26
117,Posyandu Eos 59,227,58308,2025-09-01 23:46:28,2025-09-01 23:46:28
118,Posyandu Impedit 21,182,103114,2025-10-28 08:12:50,2025-10-28 08:12:50
119,Posyandu Iure 96,74,148956,2023-10-07 19:28:54,2023-10-07 19:28:54
120,Posyandu Minima 58,80,47758,2023-10-27 05:05:35,2023-10-27 05:05:35
121,Posyandu Aliquid 40,93,130815,2024-12-19 07:19:36,2024-12-19 07:19:36
122,Posyandu Nostrum 52,188,166407,2025-11-15 17:27:11,2025-11-15 17:27:11
123,Posyandu Quidem 50,119,90243,2025-10-14 10:21:35,2025-10-14 10:21:35
124,Posyandu Debitis 55,165,67905,2023-12-04 16:54:40,2023-12-04 16:54:40
125,Posyandu Amet 82,194,8960,2025-05-23 20:39:47,2025-05-23 20:39:47
126,Posyandu Reprehenderit 35,77,52804,2025-08-15 05:42:58,2025-08-15 05:42:58
127,Posyandu Rerum 43,108,174579,2023-08-10 07:19:18,2023-08-10 07:19:18
128,Posyandu Eligendi 89,223,57635,2023-10-08 10:39:31,2023-10-08 10:39:31
129,Posyandu Doloribus 31,12,2842,2026-01-10 00:35:19,2026-01-10 00:35:19
130,Posyandu Doloribus 90,187,27804,2024-01-29 11:36:24,2024-01-29 11:36:24
131,Posyandu Inventore 54,37,39306,2024-03-03 02:00:40,2024-03-03 02:00:40
132,Posyandu Saepe 34,27,133152,2025-06-08 06:03:09,2025-06-08 06:03:09
133,Posyandu Labore 19,58,45835,2025-09-15 21:44:55,2025-09-15 21:44:55
134,Posyandu Numquam 57,75,60720,2026-02-22 18:30:10,2026-02-22 18:30:10
135,Posyandu Odit 73,81,159149,2024-04-01 05:26:01,2024-04-01 05:26:01
136,Posyandu Cum 24,87,38318,2024-01-06 15:42:54,2024-01-06 15:42:54
137,Posyandu Eligendi 63,18,105069,2025-03-03 14:50:10,2025-03-03 14:50:10
138,Posyandu Illum 26,126,9681,2025-10-09 01:22:11,2025-10-09 01:22:11
139,Posyandu Harum 68,188,5833,2026-02-07 04:08:35,2026-02-07 04:08:35
140,Posyandu Repellendus 33,140,173297,2025-01-24 07:27:24,2025-01-24 07:27:24
141,Posyandu Ullam 90,170,94622,2023-10-27 19:06:35,2023-10-27 19:06:35
142,Posyandu Facere 68,182,32562,2025-05-19 12:30:48,2025-05-19 12:30:48
143,Posyandu Eius 6,215,198653,2026-02-12 12:28:28,2026-02-12 12:28:28
144,Posyandu At 26,196,169938,2024-10-16 14:27:45,2024-10-16 14:27:45
145,Posyandu Consectetur 7,58,141718,2025-11-17 10:33:21,2025-11-17 10:33:21
146,Posyandu Accusantium 70,198,141718,2024-11-29 04:44:59,2024-11-29 04:44:59
147,Posyandu Recusandae 19,13,47610,2025-01-16 19:20:08,2025-01-16 19:20:08
148,Posyandu Dolor 53,61,137853,2024-05-27 18:53:37,2024-05-27 18:53:37
149,Posyandu Natus 97,50,190062,2026-03-16 06:38:31,2026-03-16 06:38:31
150,Posyandu Doloribus 39,214,104003,2024-07-23 11:01:28,2024-07-23 11:01:28
151,Posyandu Iure 33,119,36615,2023-11-30 09:52:43,2023-11-30 09:52:43
152,Posyandu Accusamus 2,217,99208,2024-07-26 08:55:05,2024-07-26 08:55:05
153,Posyandu Adipisci 62,30,72296,2024-08-24 19:45:41,2024-08-24 19:45:41
154,Posyandu Harum 13,54,37431,2024-06-13 16:12:02,2024-06-13 16:12:02
155,Posyandu Pariatur 41,159,175217,2025-10-27 00:03:31,2025-10-27 00:03:31
156,Posyandu Voluptatum 45,95,159152,2026-05-06 18:55:39,2026-05-06 18:55:39
157,Posyandu Illum 17,95,154123,2023-08-24 09:13:17,2023-08-24 09:13:17
158,Posyandu Reprehenderit 65,56,84419,2024-11-05 15:43:39,2024-11-05 15:43:39
159,Posyandu Assumenda 21,44,94947,2024-08-01 00:54:28,2024-08-01 00:54:28
160,Posyandu Harum 49,150,77846,2025-02-18 10:03:45,2025-02-18 10:03:45
161,Posyandu Est 34,43,99208,2025-08-27 11:57:16,2025-08-27 11:57:16
162,Posyandu Vero 15,164,46442,2024-10-26 02:07:48,2024-10-26 02:07:48
163,Posyandu Soluta 5,114,176120,2025-08-08 09:53:13,2025-08-08 09:53:13
164,Posyandu Iste 20,103,180029,2024-02-11 10:30:53,2024-02-11 10:30:53
165,Posyandu Soluta 76,134,79865,2025-08-11 06:20:24,2025-08-11 06:20:24
166,Posyandu A 71,138,174331,2024-07-30 18:30:28,2024-07-30 18:30:28
167,Posyandu Voluptas 15,158,72296,2024-09-14 21:35:55,2024-09-14 21:35:55
168,Posyandu Qui 57,152,13074,2023-11-12 08:41:45,2023-11-12 08:41:45
169,Posyandu Numquam 67,69,62327,2023-06-07 20:28:01,2023-06-07 20:28:01
170,Posyandu Earum 81,64,195661,2024-09-18 04:18:27,2024-09-18 04:18:27
171,Posyandu Dolor 64,109,196761,2024-07-28 02:39:59,2024-07-28 02:39:59
172,Posyandu Velit 76,114,177438,2024-04-08 10:36:37,2024-04-08 10:36:37
173,Posyandu Consequuntur 25,181,10123,2025-10-25 21:41:56,2025-10-25 21:41:56
174,Posyandu Rerum 93,143,163873,2023-08-18 03:03:13,2023-08-18 03:03:13
175,Posyandu Molestiae 65,69,122102,2026-01-26 08:00:52,2026-01-26 08:00:52
176,Posyandu Error 20,183,59649,2025-09-25 10:01:49,2025-09-25 10:01:49
177,Posyandu Ducimus 74,49,129134,2024-05-17 23:50:51,2024-05-17 23:50:51
178,Posyandu Doloremque 77,213,176887,2024-10-04 07:06:30,2024-10-04 07:06:30
179,Posyandu Ipsam 70,214,92499,2025-05-17 05:39:06,2025-05-17 05:39:06
180,Posyandu Labore 29,56,41930,2024-12-05 13:34:16,2024-12-05 13:34:16
181,Posyandu Pariatur 46,207,187448,2024-07-30 08:03:59,2024-07-30 08:03:59
182,Posyandu Facere 65,133,62327,2026-03-17 17:02:41,2026-03-17 17:02:41
183,Posyandu Facere 7,223,119559,2026-03-29 23:13:54,2026-03-29 23:13:54
184,Posyandu Molestiae 33,210,32454,2025-02-27 11:23:09,2025-02-27 11:23:09
185,Posyandu Libero 27,31,135870,2023-08-16 12:13:26,2023-08-16 12:13:26
186,Posyandu Temporibus 55,125,160960,2026-02-28 18:48:57,2026-02-28 18:48:57
187,Posyandu Quis 58,128,70336,2023-09-08 16:28:02,2023-09-08 16:28:02
188,Posyandu Deleniti 59,54,54259,2024-02-16 22:00:29,2024-02-16 22:00:29
189,Posyandu Quod 14,130,8071,2025-07-18 21:53:30,2025-07-18 21:53:30
190,Posyandu Possimus 13,48,106224,2026-05-17 12:38:24,2026-05-17 12:38:24
191,Posyandu Culpa 89,46,189256,2026-04-09 09:51:29,2026-04-09 09:51:29
192,Posyandu Praesentium 46,10,142000,2024-06-08 13:52:09,2024-06-08 13:52:09
193,Posyandu Laudantium 14,74,71481,2025-02-18 19:48:30,2025-02-18 19:48:30
194,Posyandu Iusto 90,95,58308,2025-09-22 14:32:11,2025-09-22 14:32:11
195,Posyandu Fugit 43,119,140602,2023-08-02 02:20:31,2023-08-02 02:20:31
196,Posyandu Ratione 85,32,131037,2023-06-07 11:23:20,2023-06-07 11:23:20
197,Posyandu Rem 97,43,114405,2024-09-27 20:36:11,2024-09-27 20:36:11
198,Posyandu Quisquam 49,54,41930,2026-03-27 02:07:22,2026-03-27 02:07:22
199,Posyandu Vitae 68,181,59397,2024-01-22 01:07:54,2024-01-22 01:07:54
200,Posyandu Molestiae 95,182,142000,2026-03-23 17:12:00,2026-03-23 17:12:00
201,Posyandu Est 25,13,37431,2025-03-11 14:54:34,2025-03-11 14:54:34
202,Posyandu Veniam 76,75,77846,2024-10-30 22:12:17,2024-10-30 22:12:17
203,Posyandu Autem 33,177,165074,2024-01-17 17:23:58,2024-01-17 17:23:58
204,Posyandu Aperiam 37,12,40749,2023-07-17 16:38:23,2023-07-17 16:38:23
205,Posyandu Animi 12,81,182002,2023-08-23 14:09:51,2023-08-23 14:09:51
206,Posyandu Necessitatibus 45,93,72912,2025-06-24 03:07:24,2025-06-24 03:07:24
207,Posyandu Illo 29,151,143499,2024-04-13 03:24:21,2024-04-13 03:24:21
208,Posyandu Amet 58,210,152553,2024-11-22 21:34:27,2024-11-22 21:34:27
209,Posyandu In 28,227,126534,2023-07-07 15:53:49,2023-07-07 15:53:49
210,Posyandu Ducimus 89,177,112837,2023-12-17 20:44:05,2023-12-17 20:44:05
211,Posyandu Aliquid 99,33,99699,2024-06-08 05:05:11,2024-06-08 05:05:11
212,Posyandu Molestias 27,194,110132,2025-02-24 06:48:03,2025-02-24 06:48:03
213,Posyandu Natus 57,179,111676,2026-04-04 22:40:29,2026-04-04 22:40:29
214,Posyandu Soluta 66,54,147665,2025-01-24 21:20:14,2025-01-24 21:20:14
215,Posyandu Quo 59,108,188161,2026-04-14 23:09:30,2026-04-14 23:09:30
216,Posyandu Dolorem 62,121,198207,2024-01-17 20:53:41,2024-01-17 20:53:41
217,Posyandu Dolorum 7,126,153206,2023-12-20 09:49:50,2023-12-20 09:49:50
218,Posyandu Rerum 76,109,68702,2025-11-18 21:37:54,2025-11-18 21:37:54
219,Posyandu Pariatur 35,75,152402,2025-06-05 22:37:10,2025-06-05 22:37:10
220,Posyandu Nulla 11,82,166735,2025-05-10 14:22:31,2025-05-10 14:22:31
221,Posyandu Ipsa 30,114,94006,2023-07-10 15:53:56,2023-07-10 15:53:56
222,Posyandu Vitae 39,16,104003,2026-04-13 20:30:03,2026-04-13 20:30:03
223,Posyandu Exercitationem 7,44,66266,2025-09-09 03:48:17,2025-09-09 03:48:17
224,Posyandu Facilis 81,202,178421,2024-11-09 21:09:56,2024-11-09 21:09:56
225,Posyandu Ut 50,63,94583,2023-09-12 07:29:00,2023-09-12 07:29:00
226,Posyandu Sed 58,81,138410,2025-09-03 03:40:16,2025-09-03 03:40:16
227,Posyandu Veritatis 84,137,39306,2026-03-29 17:45:59,2026-03-29 17:45:59
228,Posyandu Error 73,127,198321,2024-12-07 22:25:23,2024-12-07 22:25:23
229,Posyandu Laboriosam 74,11,157255,2023-11-10 00:56:11,2023-11-10 00:56:11
230,Posyandu Asperiores 17,92,24468,2026-04-08 16:16:03,2026-04-08 16:16:03
231,Posyandu Ducimus 81,166,190062,2024-11-02 01:55:25,2024-11-02 01:55:25
232,Posyandu Porro 92,5,8960,2024-05-18 14:31:14,2024-05-18 14:31:14
233,Posyandu Libero 79,35,142062,2023-08-27 13:17:34,2023-08-27 13:17:34
234,Posyandu Molestiae 24,67,94319,2025-09-07 16:18:27,2025-09-07 16:18:27
235,Posyandu Nulla 73,134,77377,2024-05-23 23:10:45,2024-05-23 23:10:45
236,Posyandu Assumenda 46,103,198653,2024-02-14 20:04:57,2024-02-14 20:04:57
237,Posyandu Reiciendis 21,121,127603,2024-08-07 22:00:25,2024-08-07 22:00:25
238,Posyandu Non 75,150,108264,2024-01-11 02:22:55,2024-01-11 02:22:55
239,Posyandu A 75,51,146731,2024-10-28 00:11:34,2024-10-28 00:11:34
240,Posyandu Eaque 28,121,104122,2025-04-07 18:36:03,2025-04-07 18:36:03
241,Posyandu Deleniti 55,115,93491,2024-09-02 23:00:34,2024-09-02 23:00:34
242,Posyandu Modi 22,35,94319,2025-06-30 11:09:28,2025-06-30 11:09:28
243,Posyandu Tempora 2,14,141779,2024-04-29 04:33:33,2024-04-29 04:33:33
244,Posyandu Dolorem 83,74,72912,2025-10-11 18:52:57,2025-10-11 18:52:57
245,Posyandu Magnam 21,14,86081,2024-08-12 13:22:20,2024-08-12 13:22:20
246,Posyandu Harum 60,130,101811,2026-01-30 21:33:15,2026-01-30 21:33:15
247,Posyandu Ut 63,152,134410,2024-07-10 14:09:44,2024-07-10 14:09:44
248,Posyandu Asperiores 10,70,44045,2023-08-14 01:50:34,2023-08-14 01:50:34
249,Posyandu Reiciendis 79,189,14000,2025-09-06 20:35:42,2025-09-06 20:35:42
250,Posyandu Officiis 67,120,69201,2024-04-11 07:14:24,2024-04-11 07:14:24
251,Posyandu Hic 97,106,71481,2025-04-09 01:53:55,2025-04-09 01:53:55
252,Posyandu Tenetur 40,225,141223,2025-05-01 17:04:40,2025-05-01 17:04:40
253,Posyandu Porro 61,216,75727,2023-06-28 09:46:50,2023-06-28 09:46:50
254,Posyandu Officia 85,207,146945,2023-07-18 11:53:29,2023-07-18 11:53:29
255,Posyandu Maxime 40,55,32377,2025-03-21 08:03:20,2025-03-21 08:03:20
256,Posyandu Ipsum 17,103,176120,2025-06-01 18:47:23,2025-06-01 18:47:23
257,Posyandu Reiciendis 48,217,135870,2024-04-13 05:20:53,2024-04-13 05:20:53
258,Posyandu Tempora 61,74,3312,2023-12-15 01:08:04,2023-12-15 01:08:04
259,Posyandu Recusandae 69,147,129134,2025-02-06 15:36:39,2025-02-06 15:36:39
260,Posyandu Incidunt 46,26,11850,2026-05-05 13:52:05,2026-05-05 13:52:05
261,Posyandu Culpa 56,204,96417,2025-02-15 08:16:34,2025-02-15 08:16:34
262,Posyandu Laudantium 39,132,155405,2025-07-27 06:36:34,2025-07-27 06:36:34
263,Posyandu Repellendus 93,139,28306,2025-02-27 20:54:03,2025-02-27 20:54:03
264,Posyandu Illum 16,150,4557,2024-03-15 11:03:03,2024-03-15 11:03:03
265,Posyandu Enim 68,52,181782,2023-07-23 01:20:29,2023-07-23 01:20:29
266,Posyandu Et 73,33,110286,2023-09-15 18:55:48,2023-09-15 18:55:48
267,Posyandu Alias 83,149,119034,2024-12-16 03:30:49,2024-12-16 03:30:49
268,Posyandu Deserunt 98,169,79080,2023-12-24 17:44:34,2023-12-24 17:44:34
269,Posyandu Cum 56,165,136876,2025-06-16 22:59:55,2025-06-16 22:59:55
270,Posyandu Voluptatibus 94,70,129341,2023-08-13 20:14:09,2023-08-13 20:14:09
271,Posyandu Fugiat 49,229,37508,2024-01-15 11:35:21,2024-01-15 11:35:21
272,Posyandu Odit 85,131,10382,2023-06-30 04:11:37,2023-06-30 04:11:37
273,Posyandu Tenetur 48,4,67130,2023-07-17 09:25:18,2023-07-17 09:25:18
274,Posyandu Ducimus 4,32,148264,2025-03-04 04:38:56,2025-03-04 04:38:56
275,Posyandu Dolorem 19,20,41930,2025-03-12 01:10:31,2025-03-12 01:10:31
276,Posyandu Asperiores 70,112,146947,2023-10-21 21:00:44,2023-10-21 21:00:44
277,Posyandu Occaecati 88,210,146064,2023-07-30 06:22:09,2023-07-30 06:22:09
278,Posyandu Quasi 10,113,175398,2024-12-25 06:30:05,2024-12-25 06:30:05
279,Posyandu Similique 27,133,188161,2024-03-30 09:51:05,2024-03-30 09:51:05
280,Posyandu Facere 57,10,156576,2024-07-10 20:46:30,2024-07-10 20:46:30
281,Posyandu Dolores 2,5,42077,2026-01-03 02:36:34,2026-01-03 02:36:34
282,Posyandu Sit 43,163,127568,2023-09-01 11:38:55,2023-09-01 11:38:55
283,Posyandu Deleniti 82,143,51379,2024-03-25 08:50:05,2024-03-25 08:50:05
284,Posyandu Excepturi 68,81,172242,2024-02-05 12:28:44,2024-02-05 12:28:44
285,Posyandu Neque 7,169,105353,2023-09-17 10:01:39,2023-09-17 10:01:39
286,Posyandu Deleniti 80,127,108264,2025-10-02 07:21:06,2025-10-02 07:21:06
287,Posyandu Est 87,44,5011,2026-05-08 13:00:03,2026-05-08 13:00:03
288,Posyandu Libero 13,223,199537,2026-04-28 00:53:03,2026-04-28 00:53:03
289,Posyandu Nisi 90,71,54259,2026-05-20 02:42:42,2026-05-20 02:42:42
290,Posyandu Exercitationem 43,145,152402,2023-07-06 12:39:20,2023-07-06 12:39:20
291,Posyandu Dicta 82,94,29210,2025-07-09 23:50:32,2025-07-09 23:50:32
292,Posyandu Assumenda 6,176,141223,2024-01-23 16:10:49,2024-01-23 16:10:49
293,Posyandu Illo 76,150,47758,2024-11-27 00:55:22,2024-11-27 00:55:22
294,Posyandu Dicta 13,202,187094,2025-03-27 05:54:38,2025-03-27 05:54:38
295,Posyandu Cum 79,61,182002,2024-01-10 03:33:44,2024-01-10 03:33:44
296,Posyandu Nihil 44,158,164325,2024-06-16 18:25:00,2024-06-16 18:25:00
297,Posyandu Fugiat 53,200,21759,2023-12-24 16:13:18,2023-12-24 16:13:18
298,Posyandu Sed 31,126,35331,2025-10-05 07:13:33,2025-10-05 07:13:33
299,Posyandu Quo 51,56,74270,2023-08-23 10:50:03,2023-08-23 10:50:03
300,Posyandu Architecto 34,119,10107,2023-12-17 18:02:38,2023-12-17 18:02:38
301,Posyandu Harum 76,56,148227,2025-09-28 23:49:40,2025-09-28 23:49:40
302,Posyandu Autem 65,213,46500,2024-05-27 17:09:15,2024-05-27 17:09:15
303,Posyandu Quae 16,106,120627,2025-04-14 20:51:08,2025-04-14 20:51:08
304,Posyandu Repellat 89,203,174331,2023-10-12 03:55:00,2023-10-12 03:55:00
305,Posyandu Sint 43,62,17378,2024-12-08 12:19:32,2024-12-08 12:19:32
306,Posyandu Natus 23,126,5833,2024-04-23 11:54:54,2024-04-23 11:54:54
307,Posyandu Incidunt 19,11,135767,2025-03-20 23:43:51,2025-03-20 23:43:51
308,Posyandu Nihil 70,198,164123,2025-05-20 11:28:27,2025-05-20 11:28:27
309,Posyandu Sint 46,147,61558,2023-09-28 09:51:29,2023-09-28 09:51:29
310,Posyandu Atque 64,43,155691,2025-09-10 06:31:38,2025-09-10 06:31:38
311,Posyandu Doloremque 17,139,150903,2023-08-31 06:44:53,2023-08-31 06:44:53
312,Posyandu Deserunt 97,160,99140,2025-07-20 12:23:57,2025-07-20 12:23:57
313,Posyandu Minima 69,159,155537,2024-11-13 10:27:52,2024-11-13 10:27:52
314,Posyandu Cumque 62,213,61681,2024-08-06 10:02:35,2024-08-06 10:02:35
315,Posyandu Ipsa 87,8,181490,2025-09-18 14:27:57,2025-09-18 14:27:57
316,Posyandu Odio 50,75,138141,2024-07-11 13:42:32,2024-07-11 13:42:32
317,Posyandu Corporis 11,221,27187,2024-09-01 20:53:10,2024-09-01 20:53:10
318,Posyandu Voluptatum 33,149,99544,2024-11-04 01:58:54,2024-11-04 01:58:54
319,Posyandu Repudiandae 3,194,113494,2026-05-23 20:50:01,2026-05-23 20:50:01
320,Posyandu Quod 36,191,135870,2025-02-02 20:27:42,2025-02-02 20:27:42
321,Posyandu Quis 43,26,101811,2025-05-23 02:09:41,2025-05-23 02:09:41
322,Posyandu Inventore 16,55,131992,2025-09-28 00:56:33,2025-09-28 00:56:33
323,Posyandu Doloremque 68,96,129594,2025-09-22 03:18:03,2025-09-22 03:18:03
324,Posyandu Veniam 70,221,56191,2026-05-03 23:49:22,2026-05-03 23:49:22
325,Posyandu Architecto 73,126,169938,2024-05-15 22:14:33,2024-05-15 22:14:33
326,Posyandu Molestiae 27,51,20627,2024-03-05 16:45:32,2024-03-05 16:45:32
327,Posyandu Commodi 48,55,66266,2023-10-26 10:29:48,2023-10-26 10:29:48
328,Posyandu Consectetur 55,33,3015,2026-05-04 00:07:58,2026-05-04 00:07:58
329,Posyandu Animi 65,194,141718,2025-12-13 08:22:55,2025-12-13 08:22:55
330,Posyandu Dolore 25,50,157353,2024-09-25 02:39:27,2024-09-25 02:39:27
331,Posyandu Animi 38,175,21131,2024-11-29 11:13:45,2024-11-29 11:13:45
332,Posyandu Et 66,63,173175,2024-04-16 15:22:46,2024-04-16 15:22:46
333,Posyandu Eveniet 81,140,163685,2024-12-21 16:40:07,2024-12-21 16:40:07
334,Posyandu Quisquam 22,159,38318,2025-03-12 08:30:46,2025-03-12 08:30:46
335,Posyandu Cupiditate 7,23,186529,2023-09-21 06:37:11,2023-09-21 06:37:11
336,Posyandu Molestiae 97,32,54174,2025-07-12 17:55:30,2025-07-12 17:55:30
337,Posyandu Autem 14,214,166407,2024-08-29 07:50:08,2024-08-29 07:50:08
338,Posyandu Dolorum 45,178,139184,2024-04-16 18:52:04,2024-04-16 18:52:04
339,Posyandu Vitae 25,163,19845,2025-10-29 14:56:57,2025-10-29 14:56:57
340,Posyandu Facere 87,113,87577,2025-04-24 19:13:13,2025-04-24 19:13:13
341,Posyandu Id 51,171,21131,2023-12-04 17:56:11,2023-12-04 17:56:11
342,Posyandu Incidunt 61,131,150947,2025-06-02 09:28:34,2025-06-02 09:28:34
343,Posyandu Exercitationem 48,220,45191,2024-12-23 01:47:08,2024-12-23 01:47:08
344,Posyandu Similique 99,6,17994,2025-10-06 08:23:54,2025-10-06 08:23:54
345,Posyandu A 6,133,73624,2026-01-28 00:58:04,2026-01-28 00:58:04
346,Posyandu Maiores 12,4,88068,2025-05-23 20:11:05,2025-05-23 20:11:05
347,Posyandu Facilis 37,189,129844,2024-02-11 01:12:46,2024-02-11 01:12:46
348,Posyandu Repellat 68,146,152402,2023-06-02 21:10:30,2023-06-02 21:10:30
349,Posyandu Ducimus 61,120,72219,2023-12-23 05:48:41,2023-12-23 05:48:41
350,Posyandu Omnis 47,138,189460,2025-02-24 17:52:56,2025-02-24 17:52:56
351,Posyandu Voluptatibus 73,112,142972,2025-04-24 10:26:38,2025-04-24 10:26:38
352,Posyandu Sapiente 86,90,145226,2024-02-13 00:10:08,2024-02-13 00:10:08
353,Posyandu Incidunt 91,84,77377,2024-05-22 09:22:02,2024-05-22 09:22:02
354,Posyandu Eius 47,189,157255,2024-10-10 19:00:10,2024-10-10 19:00:10
355,Posyandu At 17,77,19889,2026-01-17 22:30:59,2026-01-17 22:30:59
356,Posyandu Error 83,141,114458,2025-02-27 20:05:28,2025-02-27 20:05:28
357,Posyandu At 68,17,110286,2025-04-25 16:10:05,2025-04-25 16:10:05
358,Posyandu Repudiandae 23,24,188753,2025-11-20 01:18:19,2025-11-20 01:18:19
359,Posyandu Dolore 88,17,94583,2024-04-19 21:48:10,2024-04-19 21:48:10
360,Posyandu Velit 61,196,110243,2025-10-21 08:40:17,2025-10-21 08:40:17
361,Posyandu Provident 4,150,38318,2024-11-14 15:51:17,2024-11-14 15:51:17
362,Posyandu Provident 94,5,133152,2025-07-27 05:59:37,2025-07-27 05:59:37
363,Posyandu Accusantium 11,170,144250,2023-11-11 15:53:12,2023-11-11 15:53:12
364,Posyandu Sit 54,169,160017,2025-09-15 01:04:43,2025-09-15 01:04:43
365,Posyandu Tempora 52,45,121608,2025-11-29 22:17:02,2025-11-29 22:17:02
366,Posyandu Officia 54,147,52390,2026-03-02 06:50:54,2026-03-02 06:50:54
367,Posyandu Adipisci 66,73,137853,2024-04-26 10:26:16,2024-04-26 10:26:16
368,Posyandu Eveniet 47,11,73910,2024-10-26 05:54:07,2024-10-26 05:54:07
369,Posyandu Voluptas 85,153,74270,2024-06-09 19:40:24,2024-06-09 19:40:24
370,Posyandu Tenetur 77,158,111830,2023-09-24 06:06:27,2023-09-24 06:06:27
371,Posyandu Corrupti 43,24,120674,2025-01-21 03:44:25,2025-01-21 03:44:25
372,Posyandu Soluta 62,100,176104,2023-10-04 22:21:56,2023-10-04 22:21:56
373,Posyandu Ullam 44,75,183873,2025-11-04 23:22:38,2025-11-04 23:22:38
374,Posyandu Vitae 91,151,50575,2024-01-02 01:56:53,2024-01-02 01:56:53
375,Posyandu Eius 99,165,18696,2023-08-23 04:55:54,2023-08-23 04:55:54
376,Posyandu Repellat 23,229,130223,2025-04-12 16:01:09,2025-04-12 16:01:09
377,Posyandu Fugit 34,102,140342,2023-08-31 10:52:38,2023-08-31 10:52:38
378,Posyandu Debitis 74,226,5503,2026-01-03 05:43:27,2026-01-03 05:43:27
379,Posyandu Incidunt 63,31,53929,2023-07-06 10:54:20,2023-07-06 10:54:20
380,Posyandu Modi 50,124,187094,2024-08-22 18:12:12,2024-08-22 18:12:12
381,Posyandu Quasi 63,83,143886,2024-12-23 02:44:12,2024-12-23 02:44:12
382,Posyandu Atque 15,140,177438,2025-07-05 18:37:19,2025-07-05 18:37:19
383,Posyandu Libero 59,24,111830,2026-02-18 05:34:03,2026-02-18 05:34:03
384,Posyandu Odit 34,187,61681,2023-12-16 14:08:07,2023-12-16 14:08:07
385,Posyandu Quaerat 37,156,103400,2023-07-18 10:07:09,2023-07-18 10:07:09
386,Posyandu Expedita 94,35,66064,2024-08-13 19:00:42,2024-08-13 19:00:42
387,Posyandu Laborum 75,169,8960,2025-12-04 15:08:51,2025-12-04 15:08:51
388,Posyandu Consectetur 21,12,503,2024-09-22 18:37:41,2024-09-22 18:37:41
389,Posyandu Asperiores 31,228,17272,2024-11-13 04:38:29,2024-11-13 04:38:29
390,Posyandu Provident 17,169,164213,2024-10-15 15:20:29,2024-10-15 15:20:29
391,Posyandu Nulla 97,158,174331,2026-05-24 11:57:53,2026-05-24 11:57:53
392,Posyandu Quisquam 87,171,86014,2025-07-17 06:49:26,2025-07-17 06:49:26
393,Posyandu Quae 91,202,152553,2025-12-11 10:46:26,2025-12-11 10:46:26
394,Posyandu Dolor 13,16,196589,2024-12-02 00:33:56,2024-12-02 00:33:56
395,Posyandu Enim 41,14,29210,2025-07-02 23:08:44,2025-07-02 23:08:44
396,Posyandu Libero 9,11,188753,2024-08-16 03:45:43,2024-08-16 03:45:43
397,Posyandu Sequi 50,114,167830,2026-01-29 14:35:29,2026-01-29 14:35:29
398,Posyandu Laboriosam 1,170,111542,2023-08-23 17:07:34,2023-08-23 17:07:34
399,Posyandu Nobis 10,227,4557,2024-10-09 17:32:04,2024-10-09 17:32:04
400,Posyandu Perferendis 93,89,94319,2025-06-15 12:19:07,2025-06-15 12:19:07
401,Posyandu Quia 85,195,163338,2024-03-10 01:23:55,2024-03-10 01:23:55
402,Posyandu Nam 34,226,94006,2024-12-21 18:54:19,2024-12-21 18:54:19
403,Posyandu Incidunt 59,122,161352,2025-03-11 20:28:45,2025-03-11 20:28:45
404,Posyandu Recusandae 6,30,159149,2025-10-22 19:54:37,2025-10-22 19:54:37
405,Posyandu Voluptatum 71,44,164123,2025-01-19 04:03:29,2025-01-19 04:03:29
406,Posyandu Quis 50,94,191053,2024-04-15 04:28:16,2024-04-15 04:28:16
407,Posyandu Voluptatem 23,84,86014,2026-02-15 18:57:26,2026-02-15 18:57:26
408,Posyandu Cum 70,195,111676,2025-05-09 10:37:34,2025-05-09 10:37:34
409,Posyandu Doloribus 4,14,81278,2024-10-24 13:26:50,2024-10-24 13:26:50
410,Posyandu Earum 16,160,198207,2023-07-08 02:23:02,2023-07-08 02:23:02
411,Posyandu Est 43,68,108264,2024-04-17 06:08:16,2024-04-17 06:08:16
412,Posyandu Omnis 43,77,26227,2024-09-29 07:47:51,2024-09-29 07:47:51
413,Posyandu Voluptatibus 85,52,84067,2023-11-01 19:15:56,2023-11-01 19:15:56
414,Posyandu Possimus 81,126,155537,2025-02-24 10:36:54,2025-02-24 10:36:54
415,Posyandu Sequi 98,229,112466,2023-07-17 16:36:10,2023-07-17 16:36:10
416,Posyandu Illum 90,216,95894,2024-04-21 00:22:51,2024-04-21 00:22:51
417,Posyandu Quas 52,39,169938,2024-05-13 00:29:05,2024-05-13 00:29:05
418,Posyandu Optio 96,120,42077,2026-02-27 10:04:53,2026-02-27 10:04:53
419,Posyandu Possimus 70,99,157860,2023-12-19 22:26:05,2023-12-19 22:26:05
420,Posyandu Cupiditate 15,179,7455,2024-04-03 06:10:43,2024-04-03 06:10:43
421,Posyandu Consectetur 83,210,190062,2025-07-25 20:52:54,2025-07-25 20:52:54
422,Posyandu Magni 30,27,47592,2023-06-23 18:20:22,2023-06-23 18:20:22
423,Posyandu Harum 41,166,113494,2024-05-30 19:42:50,2024-05-30 19:42:50
424,Posyandu Quam 69,220,21168,2024-12-29 15:06:14,2024-12-29 15:06:14
425,Posyandu Fugit 97,76,55866,2023-10-29 03:45:46,2023-10-29 03:45:46
426,Posyandu Voluptas 52,58,187094,2026-03-21 23:51:05,2026-03-21 23:51:05
427,Posyandu Quisquam 30,17,3015,2025-09-22 23:15:29,2025-09-22 23:15:29
428,Posyandu Voluptatum 8,16,198207,2024-07-08 10:53:05,2024-07-08 10:53:05
429,Posyandu Maiores 25,188,34612,2024-06-18 03:10:21,2024-06-18 03:10:21
430,Posyandu Aspernatur 98,29,23697,2024-07-07 16:46:05,2024-07-07 16:46:05
431,Posyandu Mollitia 23,221,152380,2024-02-17 20:09:44,2024-02-17 20:09:44
432,Posyandu Ipsa 90,11,93828,2025-01-30 09:44:18,2025-01-30 09:44:18
433,Posyandu Sequi 33,32,40749,2024-05-19 00:35:51,2024-05-19 00:35:51
434,Posyandu Est 88,226,13754,2025-01-05 22:06:12,2025-01-05 22:06:12
435,Posyandu Quaerat 29,172,159512,2023-11-03 16:49:11,2023-11-03 16:49:11
436,Posyandu Vitae 86,204,163685,2023-12-03 01:18:12,2023-12-03 01:18:12
437,Posyandu Eum 49,80,148956,2025-06-18 05:55:10,2025-06-18 05:55:10
438,Posyandu Voluptatibus 82,209,166855,2025-03-09 10:41:25,2025-03-09 10:41:25
439,Posyandu Cupiditate 21,134,60720,2024-10-17 07:52:30,2024-10-17 07:52:30
440,Posyandu Similique 64,164,141779,2025-08-08 17:32:07,2025-08-08 17:32:07
441,Posyandu Quaerat 35,83,91654,2025-09-11 15:04:37,2025-09-11 15:04:37
442,Posyandu Voluptatum 76,223,10123,2026-01-27 17:59:05,2026-01-27 17:59:05
443,Posyandu Aut 13,4,77950,2025-05-15 19:34:57,2025-05-15 19:34:57
444,Posyandu Fugiat 41,131,11674,2024-12-28 11:07:02,2024-12-28 11:07:02
445,Posyandu Tempora 77,200,173865,2024-06-16 01:21:24,2024-06-16 01:21:24
446,Posyandu Voluptatem 54,221,81278,2024-11-10 23:44:43,2024-11-10 23:44:43
447,Posyandu Blanditiis 26,210,70336,2023-08-30 08:18:47,2023-08-30 08:18:47
448,Posyandu Placeat 12,90,197850,2025-08-30 12:29:58,2025-08-30 12:29:58
449,Posyandu Provident 95,130,176120,2025-06-12 21:58:40,2025-06-12 21:58:40
450,Posyandu Sequi 18,132,122039,2026-02-27 15:46:21,2026-02-27 15:46:21
451,Posyandu Praesentium 15,19,163685,2024-05-31 02:50:11,2024-05-31 02:50:11
452,Posyandu Cupiditate 69,50,37919,2023-06-05 08:22:27,2023-06-05 08:22:27
453,Posyandu Repellendus 86,46,96672,2023-10-06 20:16:02,2023-10-06 20:16:02
454,Posyandu Occaecati 86,219,155193,2026-04-22 01:04:42,2026-04-22 01:04:42
455,Posyandu Sunt 25,95,93568,2025-11-23 02:10:34,2025-11-23 02:10:34
456,Posyandu Sunt 13,134,176120,2023-12-02 06:49:38,2023-12-02 06:49:38
457,Posyandu Praesentium 13,64,52856,2024-05-06 04:52:15,2024-05-06 04:52:15
458,Posyandu Non 50,206,38318,2023-09-24 21:36:30,2023-09-24 21:36:30
459,Posyandu Reprehenderit 86,80,70831,2024-08-06 14:50:55,2024-08-06 14:50:55
460,Posyandu Ut 30,83,96417,2025-12-18 04:14:09,2025-12-18 04:14:09
461,Posyandu Culpa 20,8,103171,2025-12-12 13:18:27,2025-12-12 13:18:27
462,Posyandu Corrupti 55,113,18696,2025-07-20 18:33:36,2025-07-20 18:33:36
463,Posyandu Libero 82,165,169210,2023-09-10 23:43:10,2023-09-10 23:43:10
464,Posyandu Fugiat 60,50,76447,2026-01-05 23:19:29,2026-01-05 23:19:29
465,Posyandu Optio 76,183,99890,2024-07-08 16:00:55,2024-07-08 16:00:55
466,Posyandu Non 27,197,94947,2025-02-12 07:11:44,2025-02-12 07:11:44
467,Posyandu Quae 44,166,61443,2024-05-11 13:20:25,2024-05-11 13:20:25
468,Posyandu Exercitationem 29,58,99699,2025-06-20 18:57:54,2025-06-20 18:57:54
469,Posyandu Veniam 83,229,161458,2023-08-31 09:26:00,2023-08-31 09:26:00
470,Posyandu Voluptatibus 90,103,139592,2023-09-22 06:14:39,2023-09-22 06:14:39
471,Posyandu In 8,65,137169,2023-11-24 18:21:31,2023-11-24 18:21:31
472,Posyandu Deleniti 98,152,101236,2025-03-17 15:32:18,2025-03-17 15:32:18
473,Posyandu Incidunt 86,16,31218,2023-12-23 02:19:17,2023-12-23 02:19:17
474,Posyandu Id 76,70,156191,2024-11-06 04:57:42,2024-11-06 04:57:42
475,Posyandu Debitis 42,119,50575,2023-11-09 12:16:59,2023-11-09 12:16:59
476,Posyandu Corporis 86,107,68702,2024-07-24 23:42:44,2024-07-24 23:42:44
477,Posyandu Eaque 97,95,159312,2025-04-05 07:12:29,2025-04-05 07:12:29
478,Posyandu Ad 34,170,46442,2024-10-05 04:01:38,2024-10-05 04:01:38
479,Posyandu Consequatur 24,158,146064,2026-03-10 20:16:41,2026-03-10 20:16:41
480,Posyandu Illo 90,128,93818,2024-03-27 23:17:39,2024-03-27 23:17:39
481,Posyandu Laudantium 67,16,119034,2025-08-19 13:20:04,2025-08-19 13:20:04
482,Posyandu Sunt 1,160,21131,2025-08-12 03:38:07,2025-08-12 03:38:07
483,Posyandu Laudantium 20,32,47196,2024-10-10 18:57:57,2024-10-10 18:57:57
484,Posyandu Facere 88,43,183873,2024-01-03 07:08:06,2024-01-03 07:08:06
485,Posyandu Iste 77,162,153206,2025-10-20 03:02:22,2025-10-20 03:02:22
486,Posyandu Nobis 30,152,143499,2024-06-13 19:40:05,2024-06-13 19:40:05
487,Posyandu Dolor 72,171,31218,2026-02-04 07:36:39,2026-02-04 07:36:39
488,Posyandu Eos 36,130,5503,2026-04-05 16:47:09,2026-04-05 16:47:09
489,Posyandu Quo 72,166,56842,2024-12-14 23:08:39,2024-12-14 23:08:39
490,Posyandu Repellat 29,140,135767,2023-09-18 15:08:53,2023-09-18 15:08:53
491,Posyandu Est 56,32,165850,2024-04-04 11:13:59,2024-04-04 11:13:59
492,Posyandu Unde 23,90,164123,2026-04-17 05:28:39,2026-04-17 05:28:39
493,Posyandu Id 84,158,155193,2025-03-29 11:52:52,2025-03-29 11:52:52
494,Posyandu Id 78,122,187448,2024-07-05 05:50:12,2024-07-05 05:50:12
495,Posyandu Temporibus 34,114,114458,2024-05-26 20:02:37,2024-05-26 20:02:37
496,Posyandu Nostrum 85,141,60831,2024-11-19 01:12:14,2024-11-19 01:12:14
497,Posyandu Facere 52,23,59649,2023-08-24 05:39:20,2023-08-24 05:39:20
498,Posyandu Deleniti 95,114,43624,2024-03-02 02:04:57,2024-03-02 02:04:57
499,Posyandu Commodi 86,105,122356,2024-05-24 19:04:53,2024-05-24 19:04:53
500,Posyandu Excepturi 10,139,36615,2023-10-09 22:04:19,2023-10-09 22:04:19
